ISO-10303-21;
HEADER;
FILE_DESCRIPTION(('FreeCAD Model'),'2;1');
FILE_NAME('Open CASCADE Shape Model','2025-08-13T19:44:24',(''),(''),
  'Open CASCADE STEP processor 7.8','FreeCAD','Unknown');
FILE_SCHEMA(('AUTOMOTIVE_DESIGN { 1 0 10303 214 1 1 1 1 }'));
ENDSEC;
DATA;
#1 = APPLICATION_PROTOCOL_DEFINITION('international standard',
  'automotive_design',2000,#2);
#2 = APPLICATION_CONTEXT(
  'core data for automotive mechanical design processes');
#3 = SHAPE_DEFINITION_REPRESENTATION(#4,#10);
#4 = PRODUCT_DEFINITION_SHAPE('','',#5);
#5 = PRODUCT_DEFINITION('design','',#6,#9);
#6 = PRODUCT_DEFINITION_FORMATION('','',#7);
#7 = PRODUCT('top','top','',(#8));
#8 = PRODUCT_CONTEXT('',#2,'mechanical');
#9 = PRODUCT_DEFINITION_CONTEXT('part definition',#2,'design');
#10 = ADVANCED_BREP_SHAPE_REPRESENTATION('',(#11,#15),#2727);
#11 = AXIS2_PLACEMENT_3D('',#12,#13,#14);
#12 = CARTESIAN_POINT('',(0.,0.,0.));
#13 = DIRECTION('',(0.,0.,1.));
#14 = DIRECTION('',(1.,0.,-0.));
#15 = MANIFOLD_SOLID_BREP('',#16);
#16 = CLOSED_SHELL('',(#17,#75,#106,#131,#156,#180,#204,#237,#256,#281,
    #306,#740,#757,#781,#805,#838,#862,#891,#914,#937,#954,#983,#1006,
    #1029,#1046,#1075,#1098,#1121,#1138,#1162,#1191,#1214,#1237,#1254,
    #1283,#1306,#1329,#1346,#1375,#1398,#1421,#1438,#1462,#1486,#1510,
    #1534,#1558,#1582,#1606,#1630,#1654,#1678,#1702,#1731,#1754,#1777,
    #1794,#1818,#1842,#1946,#1971,#1996,#2185,#2202,#2226,#2250,#2281,
    #2299,#2317,#2347,#2370,#2394,#2417,#2441,#2464,#2488,#2505,#2535,
    #2558,#2582,#2605,#2629,#2652,#2676,#2693));
#17 = ADVANCED_FACE('',(#18),#70,.T.);
#18 = FACE_BOUND('',#19,.T.);
#19 = EDGE_LOOP('',(#20,#30,#39,#47,#55,#63));
#20 = ORIENTED_EDGE('',*,*,#21,.T.);
#21 = EDGE_CURVE('',#22,#24,#26,.T.);
#22 = VERTEX_POINT('',#23);
#23 = CARTESIAN_POINT('',(67.,-55.2,-27.5));
#24 = VERTEX_POINT('',#25);
#25 = CARTESIAN_POINT('',(-67.,-55.2,-27.5));
#26 = LINE('',#27,#28);
#27 = CARTESIAN_POINT('',(68.,-55.2,-27.5));
#28 = VECTOR('',#29,1.);
#29 = DIRECTION('',(-1.,0.,0.));
#30 = ORIENTED_EDGE('',*,*,#31,.F.);
#31 = EDGE_CURVE('',#32,#24,#34,.T.);
#32 = VERTEX_POINT('',#33);
#33 = CARTESIAN_POINT('',(-68.,-55.2,-26.5));
#34 = CIRCLE('',#35,1.);
#35 = AXIS2_PLACEMENT_3D('',#36,#37,#38);
#36 = CARTESIAN_POINT('',(-67.,-55.2,-26.5));
#37 = DIRECTION('',(-4.66E-15,-1.,0.));
#38 = DIRECTION('',(1.,-4.66E-15,0.));
#39 = ORIENTED_EDGE('',*,*,#40,.T.);
#40 = EDGE_CURVE('',#32,#41,#43,.T.);
#41 = VERTEX_POINT('',#42);
#42 = CARTESIAN_POINT('',(-68.,-55.2,-1.));
#43 = LINE('',#44,#45);
#44 = CARTESIAN_POINT('',(-68.,-55.2,-27.5));
#45 = VECTOR('',#46,1.);
#46 = DIRECTION('',(0.,0.,1.));
#47 = ORIENTED_EDGE('',*,*,#48,.T.);
#48 = EDGE_CURVE('',#41,#49,#51,.T.);
#49 = VERTEX_POINT('',#50);
#50 = CARTESIAN_POINT('',(68.,-55.2,-1.));
#51 = LINE('',#52,#53);
#52 = CARTESIAN_POINT('',(-68.,-55.2,-1.));
#53 = VECTOR('',#54,1.);
#54 = DIRECTION('',(1.,0.,0.));
#55 = ORIENTED_EDGE('',*,*,#56,.T.);
#56 = EDGE_CURVE('',#49,#57,#59,.T.);
#57 = VERTEX_POINT('',#58);
#58 = CARTESIAN_POINT('',(68.,-55.2,-26.5));
#59 = LINE('',#60,#61);
#60 = CARTESIAN_POINT('',(68.,-55.2,-1.));
#61 = VECTOR('',#62,1.);
#62 = DIRECTION('',(0.,0.,-1.));
#63 = ORIENTED_EDGE('',*,*,#64,.F.);
#64 = EDGE_CURVE('',#22,#57,#65,.T.);
#65 = CIRCLE('',#66,1.);
#66 = AXIS2_PLACEMENT_3D('',#67,#68,#69);
#67 = CARTESIAN_POINT('',(67.,-55.2,-26.5));
#68 = DIRECTION('',(-4.66E-15,-1.,0.));
#69 = DIRECTION('',(1.,-4.66E-15,0.));
#70 = PLANE('',#71);
#71 = AXIS2_PLACEMENT_3D('',#72,#73,#74);
#72 = CARTESIAN_POINT('',(0.,-55.2,-14.25));
#73 = DIRECTION('',(-0.,1.,-0.));
#74 = DIRECTION('',(-1.,0.,0.));
#75 = ADVANCED_FACE('',(#76),#101,.T.);
#76 = FACE_BOUND('',#77,.T.);
#77 = EDGE_LOOP('',(#78,#79,#87,#95));
#78 = ORIENTED_EDGE('',*,*,#21,.F.);
#79 = ORIENTED_EDGE('',*,*,#80,.T.);
#80 = EDGE_CURVE('',#22,#81,#83,.T.);
#81 = VERTEX_POINT('',#82);
#82 = CARTESIAN_POINT('',(67.,-56.2,-27.5));
#83 = LINE('',#84,#85);
#84 = CARTESIAN_POINT('',(67.,-55.2,-27.5));
#85 = VECTOR('',#86,1.);
#86 = DIRECTION('',(-4.66E-15,-1.,0.));
#87 = ORIENTED_EDGE('',*,*,#88,.T.);
#88 = EDGE_CURVE('',#81,#89,#91,.T.);
#89 = VERTEX_POINT('',#90);
#90 = CARTESIAN_POINT('',(-67.,-56.2,-27.5));
#91 = LINE('',#92,#93);
#92 = CARTESIAN_POINT('',(68.,-56.2,-27.5));
#93 = VECTOR('',#94,1.);
#94 = DIRECTION('',(-1.,0.,0.));
#95 = ORIENTED_EDGE('',*,*,#96,.F.);
#96 = EDGE_CURVE('',#24,#89,#97,.T.);
#97 = LINE('',#98,#99);
#98 = CARTESIAN_POINT('',(-67.,-55.2,-27.5));
#99 = VECTOR('',#100,1.);
#100 = DIRECTION('',(-4.66E-15,-1.,0.));
#101 = PLANE('',#102);
#102 = AXIS2_PLACEMENT_3D('',#103,#104,#105);
#103 = CARTESIAN_POINT('',(68.,-55.2,-27.5));
#104 = DIRECTION('',(0.,0.,-1.));
#105 = DIRECTION('',(-1.,0.,0.));
#106 = ADVANCED_FACE('',(#107),#126,.T.);
#107 = FACE_BOUND('',#108,.T.);
#108 = EDGE_LOOP('',(#109,#110,#118,#125));
#109 = ORIENTED_EDGE('',*,*,#64,.T.);
#110 = ORIENTED_EDGE('',*,*,#111,.T.);
#111 = EDGE_CURVE('',#57,#112,#114,.T.);
#112 = VERTEX_POINT('',#113);
#113 = CARTESIAN_POINT('',(68.,-56.2,-26.5));
#114 = LINE('',#115,#116);
#115 = CARTESIAN_POINT('',(68.,-55.2,-26.5));
#116 = VECTOR('',#117,1.);
#117 = DIRECTION('',(-4.66E-15,-1.,0.));
#118 = ORIENTED_EDGE('',*,*,#119,.F.);
#119 = EDGE_CURVE('',#81,#112,#120,.T.);
#120 = CIRCLE('',#121,1.);
#121 = AXIS2_PLACEMENT_3D('',#122,#123,#124);
#122 = CARTESIAN_POINT('',(67.,-56.2,-26.5));
#123 = DIRECTION('',(-4.66E-15,-1.,0.));
#124 = DIRECTION('',(1.,-4.66E-15,0.));
#125 = ORIENTED_EDGE('',*,*,#80,.F.);
#126 = CYLINDRICAL_SURFACE('',#127,1.);
#127 = AXIS2_PLACEMENT_3D('',#128,#129,#130);
#128 = CARTESIAN_POINT('',(67.,-55.2,-26.5));
#129 = DIRECTION('',(-4.66E-15,-1.,0.));
#130 = DIRECTION('',(0.,0.,-1.));
#131 = ADVANCED_FACE('',(#132),#151,.T.);
#132 = FACE_BOUND('',#133,.T.);
#133 = EDGE_LOOP('',(#134,#135,#136,#145));
#134 = ORIENTED_EDGE('',*,*,#31,.T.);
#135 = ORIENTED_EDGE('',*,*,#96,.T.);
#136 = ORIENTED_EDGE('',*,*,#137,.F.);
#137 = EDGE_CURVE('',#138,#89,#140,.T.);
#138 = VERTEX_POINT('',#139);
#139 = CARTESIAN_POINT('',(-68.,-56.2,-26.5));
#140 = CIRCLE('',#141,1.);
#141 = AXIS2_PLACEMENT_3D('',#142,#143,#144);
#142 = CARTESIAN_POINT('',(-67.,-56.2,-26.5));
#143 = DIRECTION('',(-4.66E-15,-1.,0.));
#144 = DIRECTION('',(1.,-4.66E-15,0.));
#145 = ORIENTED_EDGE('',*,*,#146,.F.);
#146 = EDGE_CURVE('',#32,#138,#147,.T.);
#147 = LINE('',#148,#149);
#148 = CARTESIAN_POINT('',(-68.,-55.2,-26.5));
#149 = VECTOR('',#150,1.);
#150 = DIRECTION('',(-4.66E-15,-1.,0.));
#151 = CYLINDRICAL_SURFACE('',#152,1.);
#152 = AXIS2_PLACEMENT_3D('',#153,#154,#155);
#153 = CARTESIAN_POINT('',(-67.,-55.2,-26.5));
#154 = DIRECTION('',(-4.66E-15,-1.,0.));
#155 = DIRECTION('',(-1.,4.66E-15,0.));
#156 = ADVANCED_FACE('',(#157),#175,.T.);
#157 = FACE_BOUND('',#158,.T.);
#158 = EDGE_LOOP('',(#159,#160,#168,#174));
#159 = ORIENTED_EDGE('',*,*,#56,.F.);
#160 = ORIENTED_EDGE('',*,*,#161,.T.);
#161 = EDGE_CURVE('',#49,#162,#164,.T.);
#162 = VERTEX_POINT('',#163);
#163 = CARTESIAN_POINT('',(68.,-56.2,-1.));
#164 = LINE('',#165,#166);
#165 = CARTESIAN_POINT('',(68.,-55.2,-1.));
#166 = VECTOR('',#167,1.);
#167 = DIRECTION('',(0.,-1.,0.));
#168 = ORIENTED_EDGE('',*,*,#169,.T.);
#169 = EDGE_CURVE('',#162,#112,#170,.T.);
#170 = LINE('',#171,#172);
#171 = CARTESIAN_POINT('',(68.,-56.2,-1.));
#172 = VECTOR('',#173,1.);
#173 = DIRECTION('',(0.,0.,-1.));
#174 = ORIENTED_EDGE('',*,*,#111,.F.);
#175 = PLANE('',#176);
#176 = AXIS2_PLACEMENT_3D('',#177,#178,#179);
#177 = CARTESIAN_POINT('',(68.,-55.2,-1.));
#178 = DIRECTION('',(1.,-4.66E-15,0.));
#179 = DIRECTION('',(0.,0.,-1.));
#180 = ADVANCED_FACE('',(#181),#199,.T.);
#181 = FACE_BOUND('',#182,.T.);
#182 = EDGE_LOOP('',(#183,#184,#185,#193));
#183 = ORIENTED_EDGE('',*,*,#40,.F.);
#184 = ORIENTED_EDGE('',*,*,#146,.T.);
#185 = ORIENTED_EDGE('',*,*,#186,.T.);
#186 = EDGE_CURVE('',#138,#187,#189,.T.);
#187 = VERTEX_POINT('',#188);
#188 = CARTESIAN_POINT('',(-68.,-56.2,-1.));
#189 = LINE('',#190,#191);
#190 = CARTESIAN_POINT('',(-68.,-56.2,-27.5));
#191 = VECTOR('',#192,1.);
#192 = DIRECTION('',(0.,0.,1.));
#193 = ORIENTED_EDGE('',*,*,#194,.T.);
#194 = EDGE_CURVE('',#187,#41,#195,.T.);
#195 = LINE('',#196,#197);
#196 = CARTESIAN_POINT('',(-68.,-56.2,-1.));
#197 = VECTOR('',#198,1.);
#198 = DIRECTION('',(0.,1.,0.));
#199 = PLANE('',#200);
#200 = AXIS2_PLACEMENT_3D('',#201,#202,#203);
#201 = CARTESIAN_POINT('',(-68.,-55.2,-27.5));
#202 = DIRECTION('',(-1.,4.66E-15,0.));
#203 = DIRECTION('',(0.,0.,1.));
#204 = ADVANCED_FACE('',(#205),#232,.F.);
#205 = FACE_BOUND('',#206,.F.);
#206 = EDGE_LOOP('',(#207,#216,#217,#226));
#207 = ORIENTED_EDGE('',*,*,#208,.T.);
#208 = EDGE_CURVE('',#209,#41,#211,.T.);
#209 = VERTEX_POINT('',#210);
#210 = CARTESIAN_POINT('',(-68.,-54.2,0.));
#211 = CIRCLE('',#212,1.);
#212 = AXIS2_PLACEMENT_3D('',#213,#214,#215);
#213 = CARTESIAN_POINT('',(-68.,-54.2,-1.));
#214 = DIRECTION('',(1.,0.,-0.));
#215 = DIRECTION('',(0.,0.,1.));
#216 = ORIENTED_EDGE('',*,*,#48,.T.);
#217 = ORIENTED_EDGE('',*,*,#218,.F.);
#218 = EDGE_CURVE('',#219,#49,#221,.T.);
#219 = VERTEX_POINT('',#220);
#220 = CARTESIAN_POINT('',(68.,-54.2,0.));
#221 = CIRCLE('',#222,1.);
#222 = AXIS2_PLACEMENT_3D('',#223,#224,#225);
#223 = CARTESIAN_POINT('',(68.,-54.2,-1.));
#224 = DIRECTION('',(1.,0.,-0.));
#225 = DIRECTION('',(0.,0.,1.));
#226 = ORIENTED_EDGE('',*,*,#227,.T.);
#227 = EDGE_CURVE('',#219,#209,#228,.T.);
#228 = LINE('',#229,#230);
#229 = CARTESIAN_POINT('',(68.,-54.2,0.));
#230 = VECTOR('',#231,1.);
#231 = DIRECTION('',(-1.,0.,0.));
#232 = CYLINDRICAL_SURFACE('',#233,1.);
#233 = AXIS2_PLACEMENT_3D('',#234,#235,#236);
#234 = CARTESIAN_POINT('',(-68.,-54.2,-1.));
#235 = DIRECTION('',(1.,0.,0.));
#236 = DIRECTION('',(0.,0.,1.));
#237 = ADVANCED_FACE('',(#238),#251,.F.);
#238 = FACE_BOUND('',#239,.F.);
#239 = EDGE_LOOP('',(#240,#241,#242,#243,#249,#250));
#240 = ORIENTED_EDGE('',*,*,#88,.T.);
#241 = ORIENTED_EDGE('',*,*,#137,.F.);
#242 = ORIENTED_EDGE('',*,*,#186,.T.);
#243 = ORIENTED_EDGE('',*,*,#244,.F.);
#244 = EDGE_CURVE('',#162,#187,#245,.T.);
#245 = LINE('',#246,#247);
#246 = CARTESIAN_POINT('',(68.,-56.2,-1.));
#247 = VECTOR('',#248,1.);
#248 = DIRECTION('',(-1.,0.,0.));
#249 = ORIENTED_EDGE('',*,*,#169,.T.);
#250 = ORIENTED_EDGE('',*,*,#119,.F.);
#251 = PLANE('',#252);
#252 = AXIS2_PLACEMENT_3D('',#253,#254,#255);
#253 = CARTESIAN_POINT('',(-5.E-15,-56.2,-14.25));
#254 = DIRECTION('',(-0.,1.,-0.));
#255 = DIRECTION('',(-1.,0.,0.));
#256 = ADVANCED_FACE('',(#257),#276,.T.);
#257 = FACE_BOUND('',#258,.F.);
#258 = EDGE_LOOP('',(#259,#260,#261,#270));
#259 = ORIENTED_EDGE('',*,*,#218,.T.);
#260 = ORIENTED_EDGE('',*,*,#161,.T.);
#261 = ORIENTED_EDGE('',*,*,#262,.F.);
#262 = EDGE_CURVE('',#263,#162,#265,.T.);
#263 = VERTEX_POINT('',#264);
#264 = CARTESIAN_POINT('',(68.,-54.2,1.));
#265 = CIRCLE('',#266,2.);
#266 = AXIS2_PLACEMENT_3D('',#267,#268,#269);
#267 = CARTESIAN_POINT('',(68.,-54.2,-1.));
#268 = DIRECTION('',(1.,0.,-0.));
#269 = DIRECTION('',(0.,0.,1.));
#270 = ORIENTED_EDGE('',*,*,#271,.F.);
#271 = EDGE_CURVE('',#219,#263,#272,.T.);
#272 = LINE('',#273,#274);
#273 = CARTESIAN_POINT('',(68.,-54.2,0.));
#274 = VECTOR('',#275,1.);
#275 = DIRECTION('',(0.,0.,1.));
#276 = PLANE('',#277);
#277 = AXIS2_PLACEMENT_3D('',#278,#279,#280);
#278 = CARTESIAN_POINT('',(68.,-54.2,-1.));
#279 = DIRECTION('',(1.,0.,0.));
#280 = DIRECTION('',(0.,0.,1.));
#281 = ADVANCED_FACE('',(#282),#301,.F.);
#282 = FACE_BOUND('',#283,.F.);
#283 = EDGE_LOOP('',(#284,#293,#294,#295));
#284 = ORIENTED_EDGE('',*,*,#285,.T.);
#285 = EDGE_CURVE('',#286,#187,#288,.T.);
#286 = VERTEX_POINT('',#287);
#287 = CARTESIAN_POINT('',(-68.,-54.2,1.));
#288 = CIRCLE('',#289,2.);
#289 = AXIS2_PLACEMENT_3D('',#290,#291,#292);
#290 = CARTESIAN_POINT('',(-68.,-54.2,-1.));
#291 = DIRECTION('',(1.,0.,-0.));
#292 = DIRECTION('',(0.,0.,1.));
#293 = ORIENTED_EDGE('',*,*,#194,.T.);
#294 = ORIENTED_EDGE('',*,*,#208,.F.);
#295 = ORIENTED_EDGE('',*,*,#296,.T.);
#296 = EDGE_CURVE('',#209,#286,#297,.T.);
#297 = LINE('',#298,#299);
#298 = CARTESIAN_POINT('',(-68.,-54.2,0.));
#299 = VECTOR('',#300,1.);
#300 = DIRECTION('',(0.,0.,1.));
#301 = PLANE('',#302);
#302 = AXIS2_PLACEMENT_3D('',#303,#304,#305);
#303 = CARTESIAN_POINT('',(-68.,-54.2,-1.));
#304 = DIRECTION('',(1.,0.,0.));
#305 = DIRECTION('',(0.,0.,1.));
#306 = ADVANCED_FACE('',(#307,#332,#343,#377,#411,#445,#456,#490,#524,
    #558,#569,#580,#591,#602,#613,#624,#635,#646,#657,#668,#679,#713,
    #724),#735,.F.);
#307 = FACE_BOUND('',#308,.F.);
#308 = EDGE_LOOP('',(#309,#317,#325,#331));
#309 = ORIENTED_EDGE('',*,*,#310,.F.);
#310 = EDGE_CURVE('',#311,#219,#313,.T.);
#311 = VERTEX_POINT('',#312);
#312 = CARTESIAN_POINT('',(68.,54.2,0.));
#313 = LINE('',#314,#315);
#314 = CARTESIAN_POINT('',(68.,54.2,0.));
#315 = VECTOR('',#316,1.);
#316 = DIRECTION('',(0.,-1.,0.));
#317 = ORIENTED_EDGE('',*,*,#318,.F.);
#318 = EDGE_CURVE('',#319,#311,#321,.T.);
#319 = VERTEX_POINT('',#320);
#320 = CARTESIAN_POINT('',(-68.,54.2,0.));
#321 = LINE('',#322,#323);
#322 = CARTESIAN_POINT('',(-68.,54.2,0.));
#323 = VECTOR('',#324,1.);
#324 = DIRECTION('',(1.,0.,0.));
#325 = ORIENTED_EDGE('',*,*,#326,.F.);
#326 = EDGE_CURVE('',#209,#319,#327,.T.);
#327 = LINE('',#328,#329);
#328 = CARTESIAN_POINT('',(-68.,-54.2,0.));
#329 = VECTOR('',#330,1.);
#330 = DIRECTION('',(0.,1.,0.));
#331 = ORIENTED_EDGE('',*,*,#227,.F.);
#332 = FACE_BOUND('',#333,.F.);
#333 = EDGE_LOOP('',(#334));
#334 = ORIENTED_EDGE('',*,*,#335,.F.);
#335 = EDGE_CURVE('',#336,#336,#338,.T.);
#336 = VERTEX_POINT('',#337);
#337 = CARTESIAN_POINT('',(-57.4,-50.,0.));
#338 = CIRCLE('',#339,1.6);
#339 = AXIS2_PLACEMENT_3D('',#340,#341,#342);
#340 = CARTESIAN_POINT('',(-59.,-50.,0.));
#341 = DIRECTION('',(0.,0.,1.));
#342 = DIRECTION('',(1.,0.,0.));
#343 = FACE_BOUND('',#344,.F.);
#344 = EDGE_LOOP('',(#345,#355,#363,#371));
#345 = ORIENTED_EDGE('',*,*,#346,.F.);
#346 = EDGE_CURVE('',#347,#349,#351,.T.);
#347 = VERTEX_POINT('',#348);
#348 = CARTESIAN_POINT('',(-48.5,7.,0.));
#349 = VERTEX_POINT('',#350);
#350 = CARTESIAN_POINT('',(-51.5,7.,0.));
#351 = LINE('',#352,#353);
#352 = CARTESIAN_POINT('',(-48.5,7.,0.));
#353 = VECTOR('',#354,1.);
#354 = DIRECTION('',(-1.,0.,0.));
#355 = ORIENTED_EDGE('',*,*,#356,.F.);
#356 = EDGE_CURVE('',#357,#347,#359,.T.);
#357 = VERTEX_POINT('',#358);
#358 = CARTESIAN_POINT('',(-48.5,-47.,0.));
#359 = LINE('',#360,#361);
#360 = CARTESIAN_POINT('',(-48.5,-47.,0.));
#361 = VECTOR('',#362,1.);
#362 = DIRECTION('',(0.,1.,0.));
#363 = ORIENTED_EDGE('',*,*,#364,.F.);
#364 = EDGE_CURVE('',#365,#357,#367,.T.);
#365 = VERTEX_POINT('',#366);
#366 = CARTESIAN_POINT('',(-51.5,-47.,0.));
#367 = LINE('',#368,#369);
#368 = CARTESIAN_POINT('',(-51.5,-47.,0.));
#369 = VECTOR('',#370,1.);
#370 = DIRECTION('',(1.,0.,0.));
#371 = ORIENTED_EDGE('',*,*,#372,.F.);
#372 = EDGE_CURVE('',#349,#365,#373,.T.);
#373 = LINE('',#374,#375);
#374 = CARTESIAN_POINT('',(-51.5,7.,0.));
#375 = VECTOR('',#376,1.);
#376 = DIRECTION('',(0.,-1.,0.));
#377 = FACE_BOUND('',#378,.F.);
#378 = EDGE_LOOP('',(#379,#389,#397,#405));
#379 = ORIENTED_EDGE('',*,*,#380,.F.);
#380 = EDGE_CURVE('',#381,#383,#385,.T.);
#381 = VERTEX_POINT('',#382);
#382 = CARTESIAN_POINT('',(-28.5,7.,0.));
#383 = VERTEX_POINT('',#384);
#384 = CARTESIAN_POINT('',(-31.5,7.,0.));
#385 = LINE('',#386,#387);
#386 = CARTESIAN_POINT('',(-28.5,7.,0.));
#387 = VECTOR('',#388,1.);
#388 = DIRECTION('',(-1.,0.,0.));
#389 = ORIENTED_EDGE('',*,*,#390,.F.);
#390 = EDGE_CURVE('',#391,#381,#393,.T.);
#391 = VERTEX_POINT('',#392);
#392 = CARTESIAN_POINT('',(-28.5,-47.,0.));
#393 = LINE('',#394,#395);
#394 = CARTESIAN_POINT('',(-28.5,-47.,0.));
#395 = VECTOR('',#396,1.);
#396 = DIRECTION('',(0.,1.,0.));
#397 = ORIENTED_EDGE('',*,*,#398,.F.);
#398 = EDGE_CURVE('',#399,#391,#401,.T.);
#399 = VERTEX_POINT('',#400);
#400 = CARTESIAN_POINT('',(-31.5,-47.,0.));
#401 = LINE('',#402,#403);
#402 = CARTESIAN_POINT('',(-31.5,-47.,0.));
#403 = VECTOR('',#404,1.);
#404 = DIRECTION('',(1.,0.,0.));
#405 = ORIENTED_EDGE('',*,*,#406,.F.);
#406 = EDGE_CURVE('',#383,#399,#407,.T.);
#407 = LINE('',#408,#409);
#408 = CARTESIAN_POINT('',(-31.5,7.,0.));
#409 = VECTOR('',#410,1.);
#410 = DIRECTION('',(0.,-1.,0.));
#411 = FACE_BOUND('',#412,.F.);
#412 = EDGE_LOOP('',(#413,#423,#431,#439));
#413 = ORIENTED_EDGE('',*,*,#414,.F.);
#414 = EDGE_CURVE('',#415,#417,#419,.T.);
#415 = VERTEX_POINT('',#416);
#416 = CARTESIAN_POINT('',(-11.5,-47.,0.));
#417 = VERTEX_POINT('',#418);
#418 = CARTESIAN_POINT('',(-8.5,-47.,0.));
#419 = LINE('',#420,#421);
#420 = CARTESIAN_POINT('',(-11.5,-47.,0.));
#421 = VECTOR('',#422,1.);
#422 = DIRECTION('',(1.,0.,0.));
#423 = ORIENTED_EDGE('',*,*,#424,.F.);
#424 = EDGE_CURVE('',#425,#415,#427,.T.);
#425 = VERTEX_POINT('',#426);
#426 = CARTESIAN_POINT('',(-11.5,7.,0.));
#427 = LINE('',#428,#429);
#428 = CARTESIAN_POINT('',(-11.5,7.,0.));
#429 = VECTOR('',#430,1.);
#430 = DIRECTION('',(0.,-1.,0.));
#431 = ORIENTED_EDGE('',*,*,#432,.F.);
#432 = EDGE_CURVE('',#433,#425,#435,.T.);
#433 = VERTEX_POINT('',#434);
#434 = CARTESIAN_POINT('',(-8.5,7.,0.));
#435 = LINE('',#436,#437);
#436 = CARTESIAN_POINT('',(-8.5,7.,0.));
#437 = VECTOR('',#438,1.);
#438 = DIRECTION('',(-1.,0.,0.));
#439 = ORIENTED_EDGE('',*,*,#440,.F.);
#440 = EDGE_CURVE('',#417,#433,#441,.T.);
#441 = LINE('',#442,#443);
#442 = CARTESIAN_POINT('',(-8.5,-47.,0.));
#443 = VECTOR('',#444,1.);
#444 = DIRECTION('',(0.,1.,0.));
#445 = FACE_BOUND('',#446,.F.);
#446 = EDGE_LOOP('',(#447));
#447 = ORIENTED_EDGE('',*,*,#448,.F.);
#448 = EDGE_CURVE('',#449,#449,#451,.T.);
#449 = VERTEX_POINT('',#450);
#450 = CARTESIAN_POINT('',(60.6,-50.,0.));
#451 = CIRCLE('',#452,1.6);
#452 = AXIS2_PLACEMENT_3D('',#453,#454,#455);
#453 = CARTESIAN_POINT('',(59.,-50.,0.));
#454 = DIRECTION('',(0.,0.,1.));
#455 = DIRECTION('',(1.,0.,0.));
#456 = FACE_BOUND('',#457,.F.);
#457 = EDGE_LOOP('',(#458,#468,#476,#484));
#458 = ORIENTED_EDGE('',*,*,#459,.F.);
#459 = EDGE_CURVE('',#460,#462,#464,.T.);
#460 = VERTEX_POINT('',#461);
#461 = CARTESIAN_POINT('',(11.5,7.,0.));
#462 = VERTEX_POINT('',#463);
#463 = CARTESIAN_POINT('',(8.5,7.,0.));
#464 = LINE('',#465,#466);
#465 = CARTESIAN_POINT('',(11.5,7.,0.));
#466 = VECTOR('',#467,1.);
#467 = DIRECTION('',(-1.,0.,0.));
#468 = ORIENTED_EDGE('',*,*,#469,.F.);
#469 = EDGE_CURVE('',#470,#460,#472,.T.);
#470 = VERTEX_POINT('',#471);
#471 = CARTESIAN_POINT('',(11.5,-47.,0.));
#472 = LINE('',#473,#474);
#473 = CARTESIAN_POINT('',(11.5,-47.,0.));
#474 = VECTOR('',#475,1.);
#475 = DIRECTION('',(0.,1.,0.));
#476 = ORIENTED_EDGE('',*,*,#477,.F.);
#477 = EDGE_CURVE('',#478,#470,#480,.T.);
#478 = VERTEX_POINT('',#479);
#479 = CARTESIAN_POINT('',(8.5,-47.,0.));
#480 = LINE('',#481,#482);
#481 = CARTESIAN_POINT('',(8.5,-47.,0.));
#482 = VECTOR('',#483,1.);
#483 = DIRECTION('',(1.,0.,0.));
#484 = ORIENTED_EDGE('',*,*,#485,.F.);
#485 = EDGE_CURVE('',#462,#478,#486,.T.);
#486 = LINE('',#487,#488);
#487 = CARTESIAN_POINT('',(8.5,7.,0.));
#488 = VECTOR('',#489,1.);
#489 = DIRECTION('',(0.,-1.,0.));
#490 = FACE_BOUND('',#491,.F.);
#491 = EDGE_LOOP('',(#492,#502,#510,#518));
#492 = ORIENTED_EDGE('',*,*,#493,.F.);
#493 = EDGE_CURVE('',#494,#496,#498,.T.);
#494 = VERTEX_POINT('',#495);
#495 = CARTESIAN_POINT('',(31.5,7.,0.));
#496 = VERTEX_POINT('',#497);
#497 = CARTESIAN_POINT('',(28.5,7.,0.));
#498 = LINE('',#499,#500);
#499 = CARTESIAN_POINT('',(31.5,7.,0.));
#500 = VECTOR('',#501,1.);
#501 = DIRECTION('',(-1.,0.,0.));
#502 = ORIENTED_EDGE('',*,*,#503,.F.);
#503 = EDGE_CURVE('',#504,#494,#506,.T.);
#504 = VERTEX_POINT('',#505);
#505 = CARTESIAN_POINT('',(31.5,-47.,0.));
#506 = LINE('',#507,#508);
#507 = CARTESIAN_POINT('',(31.5,-47.,0.));
#508 = VECTOR('',#509,1.);
#509 = DIRECTION('',(0.,1.,0.));
#510 = ORIENTED_EDGE('',*,*,#511,.F.);
#511 = EDGE_CURVE('',#512,#504,#514,.T.);
#512 = VERTEX_POINT('',#513);
#513 = CARTESIAN_POINT('',(28.5,-47.,0.));
#514 = LINE('',#515,#516);
#515 = CARTESIAN_POINT('',(28.5,-47.,0.));
#516 = VECTOR('',#517,1.);
#517 = DIRECTION('',(1.,0.,0.));
#518 = ORIENTED_EDGE('',*,*,#519,.F.);
#519 = EDGE_CURVE('',#496,#512,#520,.T.);
#520 = LINE('',#521,#522);
#521 = CARTESIAN_POINT('',(28.5,7.,0.));
#522 = VECTOR('',#523,1.);
#523 = DIRECTION('',(0.,-1.,0.));
#524 = FACE_BOUND('',#525,.F.);
#525 = EDGE_LOOP('',(#526,#536,#544,#552));
#526 = ORIENTED_EDGE('',*,*,#527,.F.);
#527 = EDGE_CURVE('',#528,#530,#532,.T.);
#528 = VERTEX_POINT('',#529);
#529 = CARTESIAN_POINT('',(51.5,7.,0.));
#530 = VERTEX_POINT('',#531);
#531 = CARTESIAN_POINT('',(48.5,7.,0.));
#532 = LINE('',#533,#534);
#533 = CARTESIAN_POINT('',(51.5,7.,0.));
#534 = VECTOR('',#535,1.);
#535 = DIRECTION('',(-1.,0.,0.));
#536 = ORIENTED_EDGE('',*,*,#537,.F.);
#537 = EDGE_CURVE('',#538,#528,#540,.T.);
#538 = VERTEX_POINT('',#539);
#539 = CARTESIAN_POINT('',(51.5,-47.,0.));
#540 = LINE('',#541,#542);
#541 = CARTESIAN_POINT('',(51.5,-47.,0.));
#542 = VECTOR('',#543,1.);
#543 = DIRECTION('',(0.,1.,0.));
#544 = ORIENTED_EDGE('',*,*,#545,.F.);
#545 = EDGE_CURVE('',#546,#538,#548,.T.);
#546 = VERTEX_POINT('',#547);
#547 = CARTESIAN_POINT('',(48.5,-47.,0.));
#548 = LINE('',#549,#550);
#549 = CARTESIAN_POINT('',(48.5,-47.,0.));
#550 = VECTOR('',#551,1.);
#551 = DIRECTION('',(1.,0.,0.));
#552 = ORIENTED_EDGE('',*,*,#553,.F.);
#553 = EDGE_CURVE('',#530,#546,#554,.T.);
#554 = LINE('',#555,#556);
#555 = CARTESIAN_POINT('',(48.5,7.,0.));
#556 = VECTOR('',#557,1.);
#557 = DIRECTION('',(0.,-1.,0.));
#558 = FACE_BOUND('',#559,.F.);
#559 = EDGE_LOOP('',(#560));
#560 = ORIENTED_EDGE('',*,*,#561,.F.);
#561 = EDGE_CURVE('',#562,#562,#564,.T.);
#562 = VERTEX_POINT('',#563);
#563 = CARTESIAN_POINT('',(-45.,26.,0.));
#564 = CIRCLE('',#565,5.);
#565 = AXIS2_PLACEMENT_3D('',#566,#567,#568);
#566 = CARTESIAN_POINT('',(-50.,26.,0.));
#567 = DIRECTION('',(0.,0.,1.));
#568 = DIRECTION('',(1.,0.,0.));
#569 = FACE_BOUND('',#570,.F.);
#570 = EDGE_LOOP('',(#571));
#571 = ORIENTED_EDGE('',*,*,#572,.F.);
#572 = EDGE_CURVE('',#573,#573,#575,.T.);
#573 = VERTEX_POINT('',#574);
#574 = CARTESIAN_POINT('',(-46.5,42.,0.));
#575 = CIRCLE('',#576,3.5);
#576 = AXIS2_PLACEMENT_3D('',#577,#578,#579);
#577 = CARTESIAN_POINT('',(-50.,42.,0.));
#578 = DIRECTION('',(0.,0.,1.));
#579 = DIRECTION('',(1.,0.,0.));
#580 = FACE_BOUND('',#581,.F.);
#581 = EDGE_LOOP('',(#582));
#582 = ORIENTED_EDGE('',*,*,#583,.F.);
#583 = EDGE_CURVE('',#584,#584,#586,.T.);
#584 = VERTEX_POINT('',#585);
#585 = CARTESIAN_POINT('',(-57.4,50.,0.));
#586 = CIRCLE('',#587,1.6);
#587 = AXIS2_PLACEMENT_3D('',#588,#589,#590);
#588 = CARTESIAN_POINT('',(-59.,50.,0.));
#589 = DIRECTION('',(0.,0.,1.));
#590 = DIRECTION('',(1.,0.,0.));
#591 = FACE_BOUND('',#592,.F.);
#592 = EDGE_LOOP('',(#593));
#593 = ORIENTED_EDGE('',*,*,#594,.F.);
#594 = EDGE_CURVE('',#595,#595,#597,.T.);
#595 = VERTEX_POINT('',#596);
#596 = CARTESIAN_POINT('',(-25.,26.,0.));
#597 = CIRCLE('',#598,5.);
#598 = AXIS2_PLACEMENT_3D('',#599,#600,#601);
#599 = CARTESIAN_POINT('',(-30.,26.,0.));
#600 = DIRECTION('',(0.,0.,1.));
#601 = DIRECTION('',(1.,0.,0.));
#602 = FACE_BOUND('',#603,.F.);
#603 = EDGE_LOOP('',(#604));
#604 = ORIENTED_EDGE('',*,*,#605,.F.);
#605 = EDGE_CURVE('',#606,#606,#608,.T.);
#606 = VERTEX_POINT('',#607);
#607 = CARTESIAN_POINT('',(-5.,26.,0.));
#608 = CIRCLE('',#609,5.);
#609 = AXIS2_PLACEMENT_3D('',#610,#611,#612);
#610 = CARTESIAN_POINT('',(-10.,26.,0.));
#611 = DIRECTION('',(0.,0.,1.));
#612 = DIRECTION('',(1.,0.,0.));
#613 = FACE_BOUND('',#614,.F.);
#614 = EDGE_LOOP('',(#615));
#615 = ORIENTED_EDGE('',*,*,#616,.F.);
#616 = EDGE_CURVE('',#617,#617,#619,.T.);
#617 = VERTEX_POINT('',#618);
#618 = CARTESIAN_POINT('',(-26.5,42.,0.));
#619 = CIRCLE('',#620,3.5);
#620 = AXIS2_PLACEMENT_3D('',#621,#622,#623);
#621 = CARTESIAN_POINT('',(-30.,42.,0.));
#622 = DIRECTION('',(0.,0.,1.));
#623 = DIRECTION('',(1.,0.,0.));
#624 = FACE_BOUND('',#625,.F.);
#625 = EDGE_LOOP('',(#626));
#626 = ORIENTED_EDGE('',*,*,#627,.F.);
#627 = EDGE_CURVE('',#628,#628,#630,.T.);
#628 = VERTEX_POINT('',#629);
#629 = CARTESIAN_POINT('',(-6.5,42.,0.));
#630 = CIRCLE('',#631,3.5);
#631 = AXIS2_PLACEMENT_3D('',#632,#633,#634);
#632 = CARTESIAN_POINT('',(-10.,42.,0.));
#633 = DIRECTION('',(0.,0.,1.));
#634 = DIRECTION('',(1.,0.,0.));
#635 = FACE_BOUND('',#636,.F.);
#636 = EDGE_LOOP('',(#637));
#637 = ORIENTED_EDGE('',*,*,#638,.F.);
#638 = EDGE_CURVE('',#639,#639,#641,.T.);
#639 = VERTEX_POINT('',#640);
#640 = CARTESIAN_POINT('',(15.,26.,0.));
#641 = CIRCLE('',#642,5.);
#642 = AXIS2_PLACEMENT_3D('',#643,#644,#645);
#643 = CARTESIAN_POINT('',(10.,26.,0.));
#644 = DIRECTION('',(0.,0.,1.));
#645 = DIRECTION('',(1.,0.,0.));
#646 = FACE_BOUND('',#647,.F.);
#647 = EDGE_LOOP('',(#648));
#648 = ORIENTED_EDGE('',*,*,#649,.F.);
#649 = EDGE_CURVE('',#650,#650,#652,.T.);
#650 = VERTEX_POINT('',#651);
#651 = CARTESIAN_POINT('',(33.5,26.,0.));
#652 = CIRCLE('',#653,3.5);
#653 = AXIS2_PLACEMENT_3D('',#654,#655,#656);
#654 = CARTESIAN_POINT('',(30.,26.,0.));
#655 = DIRECTION('',(0.,0.,1.));
#656 = DIRECTION('',(1.,0.,0.));
#657 = FACE_BOUND('',#658,.F.);
#658 = EDGE_LOOP('',(#659));
#659 = ORIENTED_EDGE('',*,*,#660,.F.);
#660 = EDGE_CURVE('',#661,#661,#663,.T.);
#661 = VERTEX_POINT('',#662);
#662 = CARTESIAN_POINT('',(13.5,42.,0.));
#663 = CIRCLE('',#664,3.5);
#664 = AXIS2_PLACEMENT_3D('',#665,#666,#667);
#665 = CARTESIAN_POINT('',(10.,42.,0.));
#666 = DIRECTION('',(0.,0.,1.));
#667 = DIRECTION('',(1.,0.,0.));
#668 = FACE_BOUND('',#669,.F.);
#669 = EDGE_LOOP('',(#670));
#670 = ORIENTED_EDGE('',*,*,#671,.F.);
#671 = EDGE_CURVE('',#672,#672,#674,.T.);
#672 = VERTEX_POINT('',#673);
#673 = CARTESIAN_POINT('',(33.5,42.,0.));
#674 = CIRCLE('',#675,3.5);
#675 = AXIS2_PLACEMENT_3D('',#676,#677,#678);
#676 = CARTESIAN_POINT('',(30.,42.,0.));
#677 = DIRECTION('',(0.,0.,1.));
#678 = DIRECTION('',(1.,0.,0.));
#679 = FACE_BOUND('',#680,.F.);
#680 = EDGE_LOOP('',(#681,#691,#699,#707));
#681 = ORIENTED_EDGE('',*,*,#682,.F.);
#682 = EDGE_CURVE('',#683,#685,#687,.T.);
#683 = VERTEX_POINT('',#684);
#684 = CARTESIAN_POINT('',(52.63,25.282,0.));
#685 = VERTEX_POINT('',#686);
#686 = CARTESIAN_POINT('',(52.63,27.582,0.));
#687 = LINE('',#688,#689);
#688 = CARTESIAN_POINT('',(52.63,25.282,0.));
#689 = VECTOR('',#690,1.);
#690 = DIRECTION('',(0.,1.,0.));
#691 = ORIENTED_EDGE('',*,*,#692,.F.);
#692 = EDGE_CURVE('',#693,#683,#695,.T.);
#693 = VERTEX_POINT('',#694);
#694 = CARTESIAN_POINT('',(47.33,25.282,0.));
#695 = LINE('',#696,#697);
#696 = CARTESIAN_POINT('',(47.33,25.282,0.));
#697 = VECTOR('',#698,1.);
#698 = DIRECTION('',(1.,0.,0.));
#699 = ORIENTED_EDGE('',*,*,#700,.F.);
#700 = EDGE_CURVE('',#701,#693,#703,.T.);
#701 = VERTEX_POINT('',#702);
#702 = CARTESIAN_POINT('',(47.33,27.582,0.));
#703 = LINE('',#704,#705);
#704 = CARTESIAN_POINT('',(47.33,27.582,0.));
#705 = VECTOR('',#706,1.);
#706 = DIRECTION('',(0.,-1.,0.));
#707 = ORIENTED_EDGE('',*,*,#708,.F.);
#708 = EDGE_CURVE('',#685,#701,#709,.T.);
#709 = LINE('',#710,#711);
#710 = CARTESIAN_POINT('',(52.63,27.582,0.));
#711 = VECTOR('',#712,1.);
#712 = DIRECTION('',(-1.,0.,0.));
#713 = FACE_BOUND('',#714,.F.);
#714 = EDGE_LOOP('',(#715));
#715 = ORIENTED_EDGE('',*,*,#716,.F.);
#716 = EDGE_CURVE('',#717,#717,#719,.T.);
#717 = VERTEX_POINT('',#718);
#718 = CARTESIAN_POINT('',(53.5,42.,0.));
#719 = CIRCLE('',#720,3.5);
#720 = AXIS2_PLACEMENT_3D('',#721,#722,#723);
#721 = CARTESIAN_POINT('',(50.,42.,0.));
#722 = DIRECTION('',(0.,0.,1.));
#723 = DIRECTION('',(1.,0.,0.));
#724 = FACE_BOUND('',#725,.F.);
#725 = EDGE_LOOP('',(#726));
#726 = ORIENTED_EDGE('',*,*,#727,.F.);
#727 = EDGE_CURVE('',#728,#728,#730,.T.);
#728 = VERTEX_POINT('',#729);
#729 = CARTESIAN_POINT('',(60.6,50.,0.));
#730 = CIRCLE('',#731,1.6);
#731 = AXIS2_PLACEMENT_3D('',#732,#733,#734);
#732 = CARTESIAN_POINT('',(59.,50.,0.));
#733 = DIRECTION('',(0.,0.,1.));
#734 = DIRECTION('',(1.,0.,0.));
#735 = PLANE('',#736);
#736 = AXIS2_PLACEMENT_3D('',#737,#738,#739);
#737 = CARTESIAN_POINT('',(0.,1.86E-15,0.));
#738 = DIRECTION('',(0.,0.,1.));
#739 = DIRECTION('',(1.,0.,0.));
#740 = ADVANCED_FACE('',(#741),#752,.T.);
#741 = FACE_BOUND('',#742,.F.);
#742 = EDGE_LOOP('',(#743,#744,#745,#746));
#743 = ORIENTED_EDGE('',*,*,#262,.T.);
#744 = ORIENTED_EDGE('',*,*,#244,.T.);
#745 = ORIENTED_EDGE('',*,*,#285,.F.);
#746 = ORIENTED_EDGE('',*,*,#747,.F.);
#747 = EDGE_CURVE('',#263,#286,#748,.T.);
#748 = LINE('',#749,#750);
#749 = CARTESIAN_POINT('',(68.,-54.2,1.));
#750 = VECTOR('',#751,1.);
#751 = DIRECTION('',(-1.,0.,0.));
#752 = CYLINDRICAL_SURFACE('',#753,2.);
#753 = AXIS2_PLACEMENT_3D('',#754,#755,#756);
#754 = CARTESIAN_POINT('',(68.,-54.2,-1.));
#755 = DIRECTION('',(-1.,0.,0.));
#756 = DIRECTION('',(0.,0.,1.));
#757 = ADVANCED_FACE('',(#758),#776,.T.);
#758 = FACE_BOUND('',#759,.T.);
#759 = EDGE_LOOP('',(#760,#768,#774,#775));
#760 = ORIENTED_EDGE('',*,*,#761,.T.);
#761 = EDGE_CURVE('',#311,#762,#764,.T.);
#762 = VERTEX_POINT('',#763);
#763 = CARTESIAN_POINT('',(68.,54.2,1.));
#764 = LINE('',#765,#766);
#765 = CARTESIAN_POINT('',(68.,54.2,0.));
#766 = VECTOR('',#767,1.);
#767 = DIRECTION('',(0.,0.,1.));
#768 = ORIENTED_EDGE('',*,*,#769,.T.);
#769 = EDGE_CURVE('',#762,#263,#770,.T.);
#770 = LINE('',#771,#772);
#771 = CARTESIAN_POINT('',(68.,54.2,1.));
#772 = VECTOR('',#773,1.);
#773 = DIRECTION('',(0.,-1.,0.));
#774 = ORIENTED_EDGE('',*,*,#271,.F.);
#775 = ORIENTED_EDGE('',*,*,#310,.F.);
#776 = PLANE('',#777);
#777 = AXIS2_PLACEMENT_3D('',#778,#779,#780);
#778 = CARTESIAN_POINT('',(68.,54.2,0.));
#779 = DIRECTION('',(1.,0.,0.));
#780 = DIRECTION('',(0.,-1.,0.));
#781 = ADVANCED_FACE('',(#782),#800,.T.);
#782 = FACE_BOUND('',#783,.T.);
#783 = EDGE_LOOP('',(#784,#785,#793,#799));
#784 = ORIENTED_EDGE('',*,*,#296,.T.);
#785 = ORIENTED_EDGE('',*,*,#786,.T.);
#786 = EDGE_CURVE('',#286,#787,#789,.T.);
#787 = VERTEX_POINT('',#788);
#788 = CARTESIAN_POINT('',(-68.,54.2,1.));
#789 = LINE('',#790,#791);
#790 = CARTESIAN_POINT('',(-68.,-54.2,1.));
#791 = VECTOR('',#792,1.);
#792 = DIRECTION('',(0.,1.,0.));
#793 = ORIENTED_EDGE('',*,*,#794,.F.);
#794 = EDGE_CURVE('',#319,#787,#795,.T.);
#795 = LINE('',#796,#797);
#796 = CARTESIAN_POINT('',(-68.,54.2,0.));
#797 = VECTOR('',#798,1.);
#798 = DIRECTION('',(0.,0.,1.));
#799 = ORIENTED_EDGE('',*,*,#326,.F.);
#800 = PLANE('',#801);
#801 = AXIS2_PLACEMENT_3D('',#802,#803,#804);
#802 = CARTESIAN_POINT('',(-68.,-54.2,0.));
#803 = DIRECTION('',(-1.,0.,0.));
#804 = DIRECTION('',(0.,1.,0.));
#805 = ADVANCED_FACE('',(#806),#833,.F.);
#806 = FACE_BOUND('',#807,.F.);
#807 = EDGE_LOOP('',(#808,#817,#825,#832));
#808 = ORIENTED_EDGE('',*,*,#809,.T.);
#809 = EDGE_CURVE('',#311,#810,#812,.T.);
#810 = VERTEX_POINT('',#811);
#811 = CARTESIAN_POINT('',(68.,55.2,-1.));
#812 = CIRCLE('',#813,1.);
#813 = AXIS2_PLACEMENT_3D('',#814,#815,#816);
#814 = CARTESIAN_POINT('',(68.,54.2,-1.));
#815 = DIRECTION('',(-1.,0.,0.));
#816 = DIRECTION('',(0.,0.,1.));
#817 = ORIENTED_EDGE('',*,*,#818,.T.);
#818 = EDGE_CURVE('',#810,#819,#821,.T.);
#819 = VERTEX_POINT('',#820);
#820 = CARTESIAN_POINT('',(-68.,55.2,-1.));
#821 = LINE('',#822,#823);
#822 = CARTESIAN_POINT('',(68.,55.2,-1.));
#823 = VECTOR('',#824,1.);
#824 = DIRECTION('',(-1.,0.,0.));
#825 = ORIENTED_EDGE('',*,*,#826,.F.);
#826 = EDGE_CURVE('',#319,#819,#827,.T.);
#827 = CIRCLE('',#828,1.);
#828 = AXIS2_PLACEMENT_3D('',#829,#830,#831);
#829 = CARTESIAN_POINT('',(-68.,54.2,-1.));
#830 = DIRECTION('',(-1.,0.,0.));
#831 = DIRECTION('',(0.,0.,1.));
#832 = ORIENTED_EDGE('',*,*,#318,.T.);
#833 = CYLINDRICAL_SURFACE('',#834,1.);
#834 = AXIS2_PLACEMENT_3D('',#835,#836,#837);
#835 = CARTESIAN_POINT('',(68.,54.2,-1.));
#836 = DIRECTION('',(-1.,-0.,-0.));
#837 = DIRECTION('',(0.,0.,1.));
#838 = ADVANCED_FACE('',(#839),#857,.F.);
#839 = FACE_BOUND('',#840,.T.);
#840 = EDGE_LOOP('',(#841,#842,#849,#856));
#841 = ORIENTED_EDGE('',*,*,#335,.F.);
#842 = ORIENTED_EDGE('',*,*,#843,.T.);
#843 = EDGE_CURVE('',#336,#844,#846,.T.);
#844 = VERTEX_POINT('',#845);
#845 = CARTESIAN_POINT('',(-57.4,-50.,1.));
#846 = B_SPLINE_CURVE_WITH_KNOTS('',1,(#847,#848),.UNSPECIFIED.,.F.,.F.,
  (2,2),(0.,1.),.PIECEWISE_BEZIER_KNOTS.);
#847 = CARTESIAN_POINT('',(-57.4,-50.,0.));
#848 = CARTESIAN_POINT('',(-57.4,-50.,1.));
#849 = ORIENTED_EDGE('',*,*,#850,.T.);
#850 = EDGE_CURVE('',#844,#844,#851,.T.);
#851 = CIRCLE('',#852,1.6);
#852 = AXIS2_PLACEMENT_3D('',#853,#854,#855);
#853 = CARTESIAN_POINT('',(-59.,-50.,1.));
#854 = DIRECTION('',(0.,0.,1.));
#855 = DIRECTION('',(1.,0.,0.));
#856 = ORIENTED_EDGE('',*,*,#843,.F.);
#857 = CYLINDRICAL_SURFACE('',#858,1.6);
#858 = AXIS2_PLACEMENT_3D('',#859,#860,#861);
#859 = CARTESIAN_POINT('',(-59.,-50.,0.));
#860 = DIRECTION('',(0.,0.,1.));
#861 = DIRECTION('',(1.,0.,0.));
#862 = ADVANCED_FACE('',(#863),#886,.T.);
#863 = FACE_BOUND('',#864,.T.);
#864 = EDGE_LOOP('',(#865,#866,#873,#881));
#865 = ORIENTED_EDGE('',*,*,#346,.F.);
#866 = ORIENTED_EDGE('',*,*,#867,.T.);
#867 = EDGE_CURVE('',#347,#868,#870,.T.);
#868 = VERTEX_POINT('',#869);
#869 = CARTESIAN_POINT('',(-48.5,7.,1.));
#870 = B_SPLINE_CURVE_WITH_KNOTS('',1,(#871,#872),.UNSPECIFIED.,.F.,.F.,
  (2,2),(0.,1.),.PIECEWISE_BEZIER_KNOTS.);
#871 = CARTESIAN_POINT('',(-48.5,7.,0.));
#872 = CARTESIAN_POINT('',(-48.5,7.,1.));
#873 = ORIENTED_EDGE('',*,*,#874,.T.);
#874 = EDGE_CURVE('',#868,#875,#877,.T.);
#875 = VERTEX_POINT('',#876);
#876 = CARTESIAN_POINT('',(-51.5,7.,1.));
#877 = LINE('',#878,#879);
#878 = CARTESIAN_POINT('',(-48.5,7.,1.));
#879 = VECTOR('',#880,1.);
#880 = DIRECTION('',(-1.,0.,0.));
#881 = ORIENTED_EDGE('',*,*,#882,.F.);
#882 = EDGE_CURVE('',#349,#875,#883,.T.);
#883 = B_SPLINE_CURVE_WITH_KNOTS('',1,(#884,#885),.UNSPECIFIED.,.F.,.F.,
  (2,2),(0.,1.),.PIECEWISE_BEZIER_KNOTS.);
#884 = CARTESIAN_POINT('',(-51.5,7.,0.));
#885 = CARTESIAN_POINT('',(-51.5,7.,1.));
#886 = PLANE('',#887);
#887 = AXIS2_PLACEMENT_3D('',#888,#889,#890);
#888 = CARTESIAN_POINT('',(-48.5,7.,1.));
#889 = DIRECTION('',(0.,-1.,0.));
#890 = DIRECTION('',(1.,0.,0.));
#891 = ADVANCED_FACE('',(#892),#909,.T.);
#892 = FACE_BOUND('',#893,.T.);
#893 = EDGE_LOOP('',(#894,#895,#896,#904));
#894 = ORIENTED_EDGE('',*,*,#372,.F.);
#895 = ORIENTED_EDGE('',*,*,#882,.T.);
#896 = ORIENTED_EDGE('',*,*,#897,.T.);
#897 = EDGE_CURVE('',#875,#898,#900,.T.);
#898 = VERTEX_POINT('',#899);
#899 = CARTESIAN_POINT('',(-51.5,-47.,1.));
#900 = LINE('',#901,#902);
#901 = CARTESIAN_POINT('',(-51.5,7.,1.));
#902 = VECTOR('',#903,1.);
#903 = DIRECTION('',(0.,-1.,0.));
#904 = ORIENTED_EDGE('',*,*,#905,.F.);
#905 = EDGE_CURVE('',#365,#898,#906,.T.);
#906 = B_SPLINE_CURVE_WITH_KNOTS('',1,(#907,#908),.UNSPECIFIED.,.F.,.F.,
  (2,2),(0.,1.),.PIECEWISE_BEZIER_KNOTS.);
#907 = CARTESIAN_POINT('',(-51.5,-47.,0.));
#908 = CARTESIAN_POINT('',(-51.5,-47.,1.));
#909 = PLANE('',#910);
#910 = AXIS2_PLACEMENT_3D('',#911,#912,#913);
#911 = CARTESIAN_POINT('',(-51.5,7.,1.));
#912 = DIRECTION('',(1.,0.,0.));
#913 = DIRECTION('',(0.,1.,0.));
#914 = ADVANCED_FACE('',(#915),#932,.T.);
#915 = FACE_BOUND('',#916,.T.);
#916 = EDGE_LOOP('',(#917,#918,#919,#927));
#917 = ORIENTED_EDGE('',*,*,#364,.F.);
#918 = ORIENTED_EDGE('',*,*,#905,.T.);
#919 = ORIENTED_EDGE('',*,*,#920,.T.);
#920 = EDGE_CURVE('',#898,#921,#923,.T.);
#921 = VERTEX_POINT('',#922);
#922 = CARTESIAN_POINT('',(-48.5,-47.,1.));
#923 = LINE('',#924,#925);
#924 = CARTESIAN_POINT('',(-51.5,-47.,1.));
#925 = VECTOR('',#926,1.);
#926 = DIRECTION('',(1.,0.,0.));
#927 = ORIENTED_EDGE('',*,*,#928,.F.);
#928 = EDGE_CURVE('',#357,#921,#929,.T.);
#929 = B_SPLINE_CURVE_WITH_KNOTS('',1,(#930,#931),.UNSPECIFIED.,.F.,.F.,
  (2,2),(0.,1.),.PIECEWISE_BEZIER_KNOTS.);
#930 = CARTESIAN_POINT('',(-48.5,-47.,0.));
#931 = CARTESIAN_POINT('',(-48.5,-47.,1.));
#932 = PLANE('',#933);
#933 = AXIS2_PLACEMENT_3D('',#934,#935,#936);
#934 = CARTESIAN_POINT('',(-51.5,-47.,1.));
#935 = DIRECTION('',(0.,1.,0.));
#936 = DIRECTION('',(-1.,0.,0.));
#937 = ADVANCED_FACE('',(#938),#949,.T.);
#938 = FACE_BOUND('',#939,.T.);
#939 = EDGE_LOOP('',(#940,#941,#942,#948));
#940 = ORIENTED_EDGE('',*,*,#356,.F.);
#941 = ORIENTED_EDGE('',*,*,#928,.T.);
#942 = ORIENTED_EDGE('',*,*,#943,.T.);
#943 = EDGE_CURVE('',#921,#868,#944,.T.);
#944 = LINE('',#945,#946);
#945 = CARTESIAN_POINT('',(-48.5,-47.,1.));
#946 = VECTOR('',#947,1.);
#947 = DIRECTION('',(0.,1.,0.));
#948 = ORIENTED_EDGE('',*,*,#867,.F.);
#949 = PLANE('',#950);
#950 = AXIS2_PLACEMENT_3D('',#951,#952,#953);
#951 = CARTESIAN_POINT('',(-48.5,-47.,1.));
#952 = DIRECTION('',(-1.,0.,0.));
#953 = DIRECTION('',(-0.,-1.,-0.));
#954 = ADVANCED_FACE('',(#955),#978,.T.);
#955 = FACE_BOUND('',#956,.T.);
#956 = EDGE_LOOP('',(#957,#958,#965,#973));
#957 = ORIENTED_EDGE('',*,*,#380,.F.);
#958 = ORIENTED_EDGE('',*,*,#959,.T.);
#959 = EDGE_CURVE('',#381,#960,#962,.T.);
#960 = VERTEX_POINT('',#961);
#961 = CARTESIAN_POINT('',(-28.5,7.,1.));
#962 = B_SPLINE_CURVE_WITH_KNOTS('',1,(#963,#964),.UNSPECIFIED.,.F.,.F.,
  (2,2),(0.,1.),.PIECEWISE_BEZIER_KNOTS.);
#963 = CARTESIAN_POINT('',(-28.5,7.,0.));
#964 = CARTESIAN_POINT('',(-28.5,7.,1.));
#965 = ORIENTED_EDGE('',*,*,#966,.T.);
#966 = EDGE_CURVE('',#960,#967,#969,.T.);
#967 = VERTEX_POINT('',#968);
#968 = CARTESIAN_POINT('',(-31.5,7.,1.));
#969 = LINE('',#970,#971);
#970 = CARTESIAN_POINT('',(-28.5,7.,1.));
#971 = VECTOR('',#972,1.);
#972 = DIRECTION('',(-1.,0.,0.));
#973 = ORIENTED_EDGE('',*,*,#974,.F.);
#974 = EDGE_CURVE('',#383,#967,#975,.T.);
#975 = B_SPLINE_CURVE_WITH_KNOTS('',1,(#976,#977),.UNSPECIFIED.,.F.,.F.,
  (2,2),(0.,1.),.PIECEWISE_BEZIER_KNOTS.);
#976 = CARTESIAN_POINT('',(-31.5,7.,0.));
#977 = CARTESIAN_POINT('',(-31.5,7.,1.));
#978 = PLANE('',#979);
#979 = AXIS2_PLACEMENT_3D('',#980,#981,#982);
#980 = CARTESIAN_POINT('',(-28.5,7.,1.));
#981 = DIRECTION('',(0.,-1.,0.));
#982 = DIRECTION('',(1.,0.,0.));
#983 = ADVANCED_FACE('',(#984),#1001,.T.);
#984 = FACE_BOUND('',#985,.T.);
#985 = EDGE_LOOP('',(#986,#987,#988,#996));
#986 = ORIENTED_EDGE('',*,*,#406,.F.);
#987 = ORIENTED_EDGE('',*,*,#974,.T.);
#988 = ORIENTED_EDGE('',*,*,#989,.T.);
#989 = EDGE_CURVE('',#967,#990,#992,.T.);
#990 = VERTEX_POINT('',#991);
#991 = CARTESIAN_POINT('',(-31.5,-47.,1.));
#992 = LINE('',#993,#994);
#993 = CARTESIAN_POINT('',(-31.5,7.,1.));
#994 = VECTOR('',#995,1.);
#995 = DIRECTION('',(0.,-1.,0.));
#996 = ORIENTED_EDGE('',*,*,#997,.F.);
#997 = EDGE_CURVE('',#399,#990,#998,.T.);
#998 = B_SPLINE_CURVE_WITH_KNOTS('',1,(#999,#1000),.UNSPECIFIED.,.F.,.F.
  ,(2,2),(0.,1.),.PIECEWISE_BEZIER_KNOTS.);
#999 = CARTESIAN_POINT('',(-31.5,-47.,0.));
#1000 = CARTESIAN_POINT('',(-31.5,-47.,1.));
#1001 = PLANE('',#1002);
#1002 = AXIS2_PLACEMENT_3D('',#1003,#1004,#1005);
#1003 = CARTESIAN_POINT('',(-31.5,7.,1.));
#1004 = DIRECTION('',(1.,0.,0.));
#1005 = DIRECTION('',(0.,1.,0.));
#1006 = ADVANCED_FACE('',(#1007),#1024,.T.);
#1007 = FACE_BOUND('',#1008,.T.);
#1008 = EDGE_LOOP('',(#1009,#1010,#1011,#1019));
#1009 = ORIENTED_EDGE('',*,*,#398,.F.);
#1010 = ORIENTED_EDGE('',*,*,#997,.T.);
#1011 = ORIENTED_EDGE('',*,*,#1012,.T.);
#1012 = EDGE_CURVE('',#990,#1013,#1015,.T.);
#1013 = VERTEX_POINT('',#1014);
#1014 = CARTESIAN_POINT('',(-28.5,-47.,1.));
#1015 = LINE('',#1016,#1017);
#1016 = CARTESIAN_POINT('',(-31.5,-47.,1.));
#1017 = VECTOR('',#1018,1.);
#1018 = DIRECTION('',(1.,0.,0.));
#1019 = ORIENTED_EDGE('',*,*,#1020,.F.);
#1020 = EDGE_CURVE('',#391,#1013,#1021,.T.);
#1021 = B_SPLINE_CURVE_WITH_KNOTS('',1,(#1022,#1023),.UNSPECIFIED.,.F.,
  .F.,(2,2),(0.,1.),.PIECEWISE_BEZIER_KNOTS.);
#1022 = CARTESIAN_POINT('',(-28.5,-47.,0.));
#1023 = CARTESIAN_POINT('',(-28.5,-47.,1.));
#1024 = PLANE('',#1025);
#1025 = AXIS2_PLACEMENT_3D('',#1026,#1027,#1028);
#1026 = CARTESIAN_POINT('',(-31.5,-47.,1.));
#1027 = DIRECTION('',(0.,1.,0.));
#1028 = DIRECTION('',(-1.,0.,0.));
#1029 = ADVANCED_FACE('',(#1030),#1041,.T.);
#1030 = FACE_BOUND('',#1031,.T.);
#1031 = EDGE_LOOP('',(#1032,#1033,#1034,#1040));
#1032 = ORIENTED_EDGE('',*,*,#390,.F.);
#1033 = ORIENTED_EDGE('',*,*,#1020,.T.);
#1034 = ORIENTED_EDGE('',*,*,#1035,.T.);
#1035 = EDGE_CURVE('',#1013,#960,#1036,.T.);
#1036 = LINE('',#1037,#1038);
#1037 = CARTESIAN_POINT('',(-28.5,-47.,1.));
#1038 = VECTOR('',#1039,1.);
#1039 = DIRECTION('',(0.,1.,0.));
#1040 = ORIENTED_EDGE('',*,*,#959,.F.);
#1041 = PLANE('',#1042);
#1042 = AXIS2_PLACEMENT_3D('',#1043,#1044,#1045);
#1043 = CARTESIAN_POINT('',(-28.5,-47.,1.));
#1044 = DIRECTION('',(-1.,0.,0.));
#1045 = DIRECTION('',(-0.,-1.,-0.));
#1046 = ADVANCED_FACE('',(#1047),#1070,.T.);
#1047 = FACE_BOUND('',#1048,.T.);
#1048 = EDGE_LOOP('',(#1049,#1050,#1057,#1065));
#1049 = ORIENTED_EDGE('',*,*,#414,.F.);
#1050 = ORIENTED_EDGE('',*,*,#1051,.T.);
#1051 = EDGE_CURVE('',#415,#1052,#1054,.T.);
#1052 = VERTEX_POINT('',#1053);
#1053 = CARTESIAN_POINT('',(-11.5,-47.,1.));
#1054 = B_SPLINE_CURVE_WITH_KNOTS('',1,(#1055,#1056),.UNSPECIFIED.,.F.,
  .F.,(2,2),(0.,1.),.PIECEWISE_BEZIER_KNOTS.);
#1055 = CARTESIAN_POINT('',(-11.5,-47.,0.));
#1056 = CARTESIAN_POINT('',(-11.5,-47.,1.));
#1057 = ORIENTED_EDGE('',*,*,#1058,.T.);
#1058 = EDGE_CURVE('',#1052,#1059,#1061,.T.);
#1059 = VERTEX_POINT('',#1060);
#1060 = CARTESIAN_POINT('',(-8.5,-47.,1.));
#1061 = LINE('',#1062,#1063);
#1062 = CARTESIAN_POINT('',(-11.5,-47.,1.));
#1063 = VECTOR('',#1064,1.);
#1064 = DIRECTION('',(1.,0.,0.));
#1065 = ORIENTED_EDGE('',*,*,#1066,.F.);
#1066 = EDGE_CURVE('',#417,#1059,#1067,.T.);
#1067 = B_SPLINE_CURVE_WITH_KNOTS('',1,(#1068,#1069),.UNSPECIFIED.,.F.,
  .F.,(2,2),(0.,1.),.PIECEWISE_BEZIER_KNOTS.);
#1068 = CARTESIAN_POINT('',(-8.5,-47.,0.));
#1069 = CARTESIAN_POINT('',(-8.5,-47.,1.));
#1070 = PLANE('',#1071);
#1071 = AXIS2_PLACEMENT_3D('',#1072,#1073,#1074);
#1072 = CARTESIAN_POINT('',(-11.5,-47.,1.));
#1073 = DIRECTION('',(0.,1.,0.));
#1074 = DIRECTION('',(-1.,0.,0.));
#1075 = ADVANCED_FACE('',(#1076),#1093,.T.);
#1076 = FACE_BOUND('',#1077,.T.);
#1077 = EDGE_LOOP('',(#1078,#1079,#1080,#1088));
#1078 = ORIENTED_EDGE('',*,*,#440,.F.);
#1079 = ORIENTED_EDGE('',*,*,#1066,.T.);
#1080 = ORIENTED_EDGE('',*,*,#1081,.T.);
#1081 = EDGE_CURVE('',#1059,#1082,#1084,.T.);
#1082 = VERTEX_POINT('',#1083);
#1083 = CARTESIAN_POINT('',(-8.5,7.,1.));
#1084 = LINE('',#1085,#1086);
#1085 = CARTESIAN_POINT('',(-8.5,-47.,1.));
#1086 = VECTOR('',#1087,1.);
#1087 = DIRECTION('',(0.,1.,0.));
#1088 = ORIENTED_EDGE('',*,*,#1089,.F.);
#1089 = EDGE_CURVE('',#433,#1082,#1090,.T.);
#1090 = B_SPLINE_CURVE_WITH_KNOTS('',1,(#1091,#1092),.UNSPECIFIED.,.F.,
  .F.,(2,2),(0.,1.),.PIECEWISE_BEZIER_KNOTS.);
#1091 = CARTESIAN_POINT('',(-8.5,7.,0.));
#1092 = CARTESIAN_POINT('',(-8.5,7.,1.));
#1093 = PLANE('',#1094);
#1094 = AXIS2_PLACEMENT_3D('',#1095,#1096,#1097);
#1095 = CARTESIAN_POINT('',(-8.5,-47.,1.));
#1096 = DIRECTION('',(-1.,0.,0.));
#1097 = DIRECTION('',(-0.,-1.,-0.));
#1098 = ADVANCED_FACE('',(#1099),#1116,.T.);
#1099 = FACE_BOUND('',#1100,.T.);
#1100 = EDGE_LOOP('',(#1101,#1102,#1103,#1111));
#1101 = ORIENTED_EDGE('',*,*,#432,.F.);
#1102 = ORIENTED_EDGE('',*,*,#1089,.T.);
#1103 = ORIENTED_EDGE('',*,*,#1104,.T.);
#1104 = EDGE_CURVE('',#1082,#1105,#1107,.T.);
#1105 = VERTEX_POINT('',#1106);
#1106 = CARTESIAN_POINT('',(-11.5,7.,1.));
#1107 = LINE('',#1108,#1109);
#1108 = CARTESIAN_POINT('',(-8.5,7.,1.));
#1109 = VECTOR('',#1110,1.);
#1110 = DIRECTION('',(-1.,0.,0.));
#1111 = ORIENTED_EDGE('',*,*,#1112,.F.);
#1112 = EDGE_CURVE('',#425,#1105,#1113,.T.);
#1113 = B_SPLINE_CURVE_WITH_KNOTS('',1,(#1114,#1115),.UNSPECIFIED.,.F.,
  .F.,(2,2),(0.,1.),.PIECEWISE_BEZIER_KNOTS.);
#1114 = CARTESIAN_POINT('',(-11.5,7.,0.));
#1115 = CARTESIAN_POINT('',(-11.5,7.,1.));
#1116 = PLANE('',#1117);
#1117 = AXIS2_PLACEMENT_3D('',#1118,#1119,#1120);
#1118 = CARTESIAN_POINT('',(-8.5,7.,1.));
#1119 = DIRECTION('',(0.,-1.,0.));
#1120 = DIRECTION('',(1.,0.,0.));
#1121 = ADVANCED_FACE('',(#1122),#1133,.T.);
#1122 = FACE_BOUND('',#1123,.T.);
#1123 = EDGE_LOOP('',(#1124,#1125,#1126,#1132));
#1124 = ORIENTED_EDGE('',*,*,#424,.F.);
#1125 = ORIENTED_EDGE('',*,*,#1112,.T.);
#1126 = ORIENTED_EDGE('',*,*,#1127,.T.);
#1127 = EDGE_CURVE('',#1105,#1052,#1128,.T.);
#1128 = LINE('',#1129,#1130);
#1129 = CARTESIAN_POINT('',(-11.5,7.,1.));
#1130 = VECTOR('',#1131,1.);
#1131 = DIRECTION('',(0.,-1.,0.));
#1132 = ORIENTED_EDGE('',*,*,#1051,.F.);
#1133 = PLANE('',#1134);
#1134 = AXIS2_PLACEMENT_3D('',#1135,#1136,#1137);
#1135 = CARTESIAN_POINT('',(-11.5,7.,1.));
#1136 = DIRECTION('',(1.,0.,0.));
#1137 = DIRECTION('',(0.,1.,0.));
#1138 = ADVANCED_FACE('',(#1139),#1157,.F.);
#1139 = FACE_BOUND('',#1140,.T.);
#1140 = EDGE_LOOP('',(#1141,#1142,#1149,#1156));
#1141 = ORIENTED_EDGE('',*,*,#448,.F.);
#1142 = ORIENTED_EDGE('',*,*,#1143,.T.);
#1143 = EDGE_CURVE('',#449,#1144,#1146,.T.);
#1144 = VERTEX_POINT('',#1145);
#1145 = CARTESIAN_POINT('',(60.6,-50.,1.));
#1146 = B_SPLINE_CURVE_WITH_KNOTS('',1,(#1147,#1148),.UNSPECIFIED.,.F.,
  .F.,(2,2),(0.,1.),.PIECEWISE_BEZIER_KNOTS.);
#1147 = CARTESIAN_POINT('',(60.6,-50.,0.));
#1148 = CARTESIAN_POINT('',(60.6,-50.,1.));
#1149 = ORIENTED_EDGE('',*,*,#1150,.T.);
#1150 = EDGE_CURVE('',#1144,#1144,#1151,.T.);
#1151 = CIRCLE('',#1152,1.6);
#1152 = AXIS2_PLACEMENT_3D('',#1153,#1154,#1155);
#1153 = CARTESIAN_POINT('',(59.,-50.,1.));
#1154 = DIRECTION('',(0.,0.,1.));
#1155 = DIRECTION('',(1.,0.,0.));
#1156 = ORIENTED_EDGE('',*,*,#1143,.F.);
#1157 = CYLINDRICAL_SURFACE('',#1158,1.6);
#1158 = AXIS2_PLACEMENT_3D('',#1159,#1160,#1161);
#1159 = CARTESIAN_POINT('',(59.,-50.,0.));
#1160 = DIRECTION('',(0.,0.,1.));
#1161 = DIRECTION('',(1.,0.,0.));
#1162 = ADVANCED_FACE('',(#1163),#1186,.T.);
#1163 = FACE_BOUND('',#1164,.T.);
#1164 = EDGE_LOOP('',(#1165,#1166,#1173,#1181));
#1165 = ORIENTED_EDGE('',*,*,#459,.F.);
#1166 = ORIENTED_EDGE('',*,*,#1167,.T.);
#1167 = EDGE_CURVE('',#460,#1168,#1170,.T.);
#1168 = VERTEX_POINT('',#1169);
#1169 = CARTESIAN_POINT('',(11.5,7.,1.));
#1170 = B_SPLINE_CURVE_WITH_KNOTS('',1,(#1171,#1172),.UNSPECIFIED.,.F.,
  .F.,(2,2),(0.,1.),.PIECEWISE_BEZIER_KNOTS.);
#1171 = CARTESIAN_POINT('',(11.5,7.,0.));
#1172 = CARTESIAN_POINT('',(11.5,7.,1.));
#1173 = ORIENTED_EDGE('',*,*,#1174,.T.);
#1174 = EDGE_CURVE('',#1168,#1175,#1177,.T.);
#1175 = VERTEX_POINT('',#1176);
#1176 = CARTESIAN_POINT('',(8.5,7.,1.));
#1177 = LINE('',#1178,#1179);
#1178 = CARTESIAN_POINT('',(11.5,7.,1.));
#1179 = VECTOR('',#1180,1.);
#1180 = DIRECTION('',(-1.,0.,0.));
#1181 = ORIENTED_EDGE('',*,*,#1182,.F.);
#1182 = EDGE_CURVE('',#462,#1175,#1183,.T.);
#1183 = B_SPLINE_CURVE_WITH_KNOTS('',1,(#1184,#1185),.UNSPECIFIED.,.F.,
  .F.,(2,2),(0.,1.),.PIECEWISE_BEZIER_KNOTS.);
#1184 = CARTESIAN_POINT('',(8.5,7.,0.));
#1185 = CARTESIAN_POINT('',(8.5,7.,1.));
#1186 = PLANE('',#1187);
#1187 = AXIS2_PLACEMENT_3D('',#1188,#1189,#1190);
#1188 = CARTESIAN_POINT('',(11.5,7.,1.));
#1189 = DIRECTION('',(0.,-1.,0.));
#1190 = DIRECTION('',(1.,0.,0.));
#1191 = ADVANCED_FACE('',(#1192),#1209,.T.);
#1192 = FACE_BOUND('',#1193,.T.);
#1193 = EDGE_LOOP('',(#1194,#1195,#1196,#1204));
#1194 = ORIENTED_EDGE('',*,*,#485,.F.);
#1195 = ORIENTED_EDGE('',*,*,#1182,.T.);
#1196 = ORIENTED_EDGE('',*,*,#1197,.T.);
#1197 = EDGE_CURVE('',#1175,#1198,#1200,.T.);
#1198 = VERTEX_POINT('',#1199);
#1199 = CARTESIAN_POINT('',(8.5,-47.,1.));
#1200 = LINE('',#1201,#1202);
#1201 = CARTESIAN_POINT('',(8.5,7.,1.));
#1202 = VECTOR('',#1203,1.);
#1203 = DIRECTION('',(0.,-1.,0.));
#1204 = ORIENTED_EDGE('',*,*,#1205,.F.);
#1205 = EDGE_CURVE('',#478,#1198,#1206,.T.);
#1206 = B_SPLINE_CURVE_WITH_KNOTS('',1,(#1207,#1208),.UNSPECIFIED.,.F.,
  .F.,(2,2),(0.,1.),.PIECEWISE_BEZIER_KNOTS.);
#1207 = CARTESIAN_POINT('',(8.5,-47.,0.));
#1208 = CARTESIAN_POINT('',(8.5,-47.,1.));
#1209 = PLANE('',#1210);
#1210 = AXIS2_PLACEMENT_3D('',#1211,#1212,#1213);
#1211 = CARTESIAN_POINT('',(8.5,7.,1.));
#1212 = DIRECTION('',(1.,0.,0.));
#1213 = DIRECTION('',(0.,1.,0.));
#1214 = ADVANCED_FACE('',(#1215),#1232,.T.);
#1215 = FACE_BOUND('',#1216,.T.);
#1216 = EDGE_LOOP('',(#1217,#1218,#1219,#1227));
#1217 = ORIENTED_EDGE('',*,*,#477,.F.);
#1218 = ORIENTED_EDGE('',*,*,#1205,.T.);
#1219 = ORIENTED_EDGE('',*,*,#1220,.T.);
#1220 = EDGE_CURVE('',#1198,#1221,#1223,.T.);
#1221 = VERTEX_POINT('',#1222);
#1222 = CARTESIAN_POINT('',(11.5,-47.,1.));
#1223 = LINE('',#1224,#1225);
#1224 = CARTESIAN_POINT('',(8.5,-47.,1.));
#1225 = VECTOR('',#1226,1.);
#1226 = DIRECTION('',(1.,0.,0.));
#1227 = ORIENTED_EDGE('',*,*,#1228,.F.);
#1228 = EDGE_CURVE('',#470,#1221,#1229,.T.);
#1229 = B_SPLINE_CURVE_WITH_KNOTS('',1,(#1230,#1231),.UNSPECIFIED.,.F.,
  .F.,(2,2),(0.,1.),.PIECEWISE_BEZIER_KNOTS.);
#1230 = CARTESIAN_POINT('',(11.5,-47.,0.));
#1231 = CARTESIAN_POINT('',(11.5,-47.,1.));
#1232 = PLANE('',#1233);
#1233 = AXIS2_PLACEMENT_3D('',#1234,#1235,#1236);
#1234 = CARTESIAN_POINT('',(8.5,-47.,1.));
#1235 = DIRECTION('',(0.,1.,0.));
#1236 = DIRECTION('',(-1.,0.,0.));
#1237 = ADVANCED_FACE('',(#1238),#1249,.T.);
#1238 = FACE_BOUND('',#1239,.T.);
#1239 = EDGE_LOOP('',(#1240,#1241,#1242,#1248));
#1240 = ORIENTED_EDGE('',*,*,#469,.F.);
#1241 = ORIENTED_EDGE('',*,*,#1228,.T.);
#1242 = ORIENTED_EDGE('',*,*,#1243,.T.);
#1243 = EDGE_CURVE('',#1221,#1168,#1244,.T.);
#1244 = LINE('',#1245,#1246);
#1245 = CARTESIAN_POINT('',(11.5,-47.,1.));
#1246 = VECTOR('',#1247,1.);
#1247 = DIRECTION('',(0.,1.,0.));
#1248 = ORIENTED_EDGE('',*,*,#1167,.F.);
#1249 = PLANE('',#1250);
#1250 = AXIS2_PLACEMENT_3D('',#1251,#1252,#1253);
#1251 = CARTESIAN_POINT('',(11.5,-47.,1.));
#1252 = DIRECTION('',(-1.,0.,0.));
#1253 = DIRECTION('',(-0.,-1.,-0.));
#1254 = ADVANCED_FACE('',(#1255),#1278,.T.);
#1255 = FACE_BOUND('',#1256,.T.);
#1256 = EDGE_LOOP('',(#1257,#1258,#1265,#1273));
#1257 = ORIENTED_EDGE('',*,*,#493,.F.);
#1258 = ORIENTED_EDGE('',*,*,#1259,.T.);
#1259 = EDGE_CURVE('',#494,#1260,#1262,.T.);
#1260 = VERTEX_POINT('',#1261);
#1261 = CARTESIAN_POINT('',(31.5,7.,1.));
#1262 = B_SPLINE_CURVE_WITH_KNOTS('',1,(#1263,#1264),.UNSPECIFIED.,.F.,
  .F.,(2,2),(0.,1.),.PIECEWISE_BEZIER_KNOTS.);
#1263 = CARTESIAN_POINT('',(31.5,7.,0.));
#1264 = CARTESIAN_POINT('',(31.5,7.,1.));
#1265 = ORIENTED_EDGE('',*,*,#1266,.T.);
#1266 = EDGE_CURVE('',#1260,#1267,#1269,.T.);
#1267 = VERTEX_POINT('',#1268);
#1268 = CARTESIAN_POINT('',(28.5,7.,1.));
#1269 = LINE('',#1270,#1271);
#1270 = CARTESIAN_POINT('',(31.5,7.,1.));
#1271 = VECTOR('',#1272,1.);
#1272 = DIRECTION('',(-1.,0.,0.));
#1273 = ORIENTED_EDGE('',*,*,#1274,.F.);
#1274 = EDGE_CURVE('',#496,#1267,#1275,.T.);
#1275 = B_SPLINE_CURVE_WITH_KNOTS('',1,(#1276,#1277),.UNSPECIFIED.,.F.,
  .F.,(2,2),(0.,1.),.PIECEWISE_BEZIER_KNOTS.);
#1276 = CARTESIAN_POINT('',(28.5,7.,0.));
#1277 = CARTESIAN_POINT('',(28.5,7.,1.));
#1278 = PLANE('',#1279);
#1279 = AXIS2_PLACEMENT_3D('',#1280,#1281,#1282);
#1280 = CARTESIAN_POINT('',(31.5,7.,1.));
#1281 = DIRECTION('',(0.,-1.,0.));
#1282 = DIRECTION('',(1.,0.,0.));
#1283 = ADVANCED_FACE('',(#1284),#1301,.T.);
#1284 = FACE_BOUND('',#1285,.T.);
#1285 = EDGE_LOOP('',(#1286,#1287,#1288,#1296));
#1286 = ORIENTED_EDGE('',*,*,#519,.F.);
#1287 = ORIENTED_EDGE('',*,*,#1274,.T.);
#1288 = ORIENTED_EDGE('',*,*,#1289,.T.);
#1289 = EDGE_CURVE('',#1267,#1290,#1292,.T.);
#1290 = VERTEX_POINT('',#1291);
#1291 = CARTESIAN_POINT('',(28.5,-47.,1.));
#1292 = LINE('',#1293,#1294);
#1293 = CARTESIAN_POINT('',(28.5,7.,1.));
#1294 = VECTOR('',#1295,1.);
#1295 = DIRECTION('',(0.,-1.,0.));
#1296 = ORIENTED_EDGE('',*,*,#1297,.F.);
#1297 = EDGE_CURVE('',#512,#1290,#1298,.T.);
#1298 = B_SPLINE_CURVE_WITH_KNOTS('',1,(#1299,#1300),.UNSPECIFIED.,.F.,
  .F.,(2,2),(0.,1.),.PIECEWISE_BEZIER_KNOTS.);
#1299 = CARTESIAN_POINT('',(28.5,-47.,0.));
#1300 = CARTESIAN_POINT('',(28.5,-47.,1.));
#1301 = PLANE('',#1302);
#1302 = AXIS2_PLACEMENT_3D('',#1303,#1304,#1305);
#1303 = CARTESIAN_POINT('',(28.5,7.,1.));
#1304 = DIRECTION('',(1.,0.,0.));
#1305 = DIRECTION('',(0.,1.,0.));
#1306 = ADVANCED_FACE('',(#1307),#1324,.T.);
#1307 = FACE_BOUND('',#1308,.T.);
#1308 = EDGE_LOOP('',(#1309,#1310,#1311,#1319));
#1309 = ORIENTED_EDGE('',*,*,#511,.F.);
#1310 = ORIENTED_EDGE('',*,*,#1297,.T.);
#1311 = ORIENTED_EDGE('',*,*,#1312,.T.);
#1312 = EDGE_CURVE('',#1290,#1313,#1315,.T.);
#1313 = VERTEX_POINT('',#1314);
#1314 = CARTESIAN_POINT('',(31.5,-47.,1.));
#1315 = LINE('',#1316,#1317);
#1316 = CARTESIAN_POINT('',(28.5,-47.,1.));
#1317 = VECTOR('',#1318,1.);
#1318 = DIRECTION('',(1.,0.,0.));
#1319 = ORIENTED_EDGE('',*,*,#1320,.F.);
#1320 = EDGE_CURVE('',#504,#1313,#1321,.T.);
#1321 = B_SPLINE_CURVE_WITH_KNOTS('',1,(#1322,#1323),.UNSPECIFIED.,.F.,
  .F.,(2,2),(0.,1.),.PIECEWISE_BEZIER_KNOTS.);
#1322 = CARTESIAN_POINT('',(31.5,-47.,0.));
#1323 = CARTESIAN_POINT('',(31.5,-47.,1.));
#1324 = PLANE('',#1325);
#1325 = AXIS2_PLACEMENT_3D('',#1326,#1327,#1328);
#1326 = CARTESIAN_POINT('',(28.5,-47.,1.));
#1327 = DIRECTION('',(0.,1.,0.));
#1328 = DIRECTION('',(-1.,0.,0.));
#1329 = ADVANCED_FACE('',(#1330),#1341,.T.);
#1330 = FACE_BOUND('',#1331,.T.);
#1331 = EDGE_LOOP('',(#1332,#1333,#1334,#1340));
#1332 = ORIENTED_EDGE('',*,*,#503,.F.);
#1333 = ORIENTED_EDGE('',*,*,#1320,.T.);
#1334 = ORIENTED_EDGE('',*,*,#1335,.T.);
#1335 = EDGE_CURVE('',#1313,#1260,#1336,.T.);
#1336 = LINE('',#1337,#1338);
#1337 = CARTESIAN_POINT('',(31.5,-47.,1.));
#1338 = VECTOR('',#1339,1.);
#1339 = DIRECTION('',(0.,1.,0.));
#1340 = ORIENTED_EDGE('',*,*,#1259,.F.);
#1341 = PLANE('',#1342);
#1342 = AXIS2_PLACEMENT_3D('',#1343,#1344,#1345);
#1343 = CARTESIAN_POINT('',(31.5,-47.,1.));
#1344 = DIRECTION('',(-1.,0.,0.));
#1345 = DIRECTION('',(-0.,-1.,-0.));
#1346 = ADVANCED_FACE('',(#1347),#1370,.T.);
#1347 = FACE_BOUND('',#1348,.T.);
#1348 = EDGE_LOOP('',(#1349,#1350,#1357,#1365));
#1349 = ORIENTED_EDGE('',*,*,#527,.F.);
#1350 = ORIENTED_EDGE('',*,*,#1351,.T.);
#1351 = EDGE_CURVE('',#528,#1352,#1354,.T.);
#1352 = VERTEX_POINT('',#1353);
#1353 = CARTESIAN_POINT('',(51.5,7.,1.));
#1354 = B_SPLINE_CURVE_WITH_KNOTS('',1,(#1355,#1356),.UNSPECIFIED.,.F.,
  .F.,(2,2),(0.,1.),.PIECEWISE_BEZIER_KNOTS.);
#1355 = CARTESIAN_POINT('',(51.5,7.,0.));
#1356 = CARTESIAN_POINT('',(51.5,7.,1.));
#1357 = ORIENTED_EDGE('',*,*,#1358,.T.);
#1358 = EDGE_CURVE('',#1352,#1359,#1361,.T.);
#1359 = VERTEX_POINT('',#1360);
#1360 = CARTESIAN_POINT('',(48.5,7.,1.));
#1361 = LINE('',#1362,#1363);
#1362 = CARTESIAN_POINT('',(51.5,7.,1.));
#1363 = VECTOR('',#1364,1.);
#1364 = DIRECTION('',(-1.,0.,0.));
#1365 = ORIENTED_EDGE('',*,*,#1366,.F.);
#1366 = EDGE_CURVE('',#530,#1359,#1367,.T.);
#1367 = B_SPLINE_CURVE_WITH_KNOTS('',1,(#1368,#1369),.UNSPECIFIED.,.F.,
  .F.,(2,2),(0.,1.),.PIECEWISE_BEZIER_KNOTS.);
#1368 = CARTESIAN_POINT('',(48.5,7.,0.));
#1369 = CARTESIAN_POINT('',(48.5,7.,1.));
#1370 = PLANE('',#1371);
#1371 = AXIS2_PLACEMENT_3D('',#1372,#1373,#1374);
#1372 = CARTESIAN_POINT('',(51.5,7.,1.));
#1373 = DIRECTION('',(0.,-1.,0.));
#1374 = DIRECTION('',(1.,0.,0.));
#1375 = ADVANCED_FACE('',(#1376),#1393,.T.);
#1376 = FACE_BOUND('',#1377,.T.);
#1377 = EDGE_LOOP('',(#1378,#1379,#1380,#1388));
#1378 = ORIENTED_EDGE('',*,*,#553,.F.);
#1379 = ORIENTED_EDGE('',*,*,#1366,.T.);
#1380 = ORIENTED_EDGE('',*,*,#1381,.T.);
#1381 = EDGE_CURVE('',#1359,#1382,#1384,.T.);
#1382 = VERTEX_POINT('',#1383);
#1383 = CARTESIAN_POINT('',(48.5,-47.,1.));
#1384 = LINE('',#1385,#1386);
#1385 = CARTESIAN_POINT('',(48.5,7.,1.));
#1386 = VECTOR('',#1387,1.);
#1387 = DIRECTION('',(0.,-1.,0.));
#1388 = ORIENTED_EDGE('',*,*,#1389,.F.);
#1389 = EDGE_CURVE('',#546,#1382,#1390,.T.);
#1390 = B_SPLINE_CURVE_WITH_KNOTS('',1,(#1391,#1392),.UNSPECIFIED.,.F.,
  .F.,(2,2),(0.,1.),.PIECEWISE_BEZIER_KNOTS.);
#1391 = CARTESIAN_POINT('',(48.5,-47.,0.));
#1392 = CARTESIAN_POINT('',(48.5,-47.,1.));
#1393 = PLANE('',#1394);
#1394 = AXIS2_PLACEMENT_3D('',#1395,#1396,#1397);
#1395 = CARTESIAN_POINT('',(48.5,7.,1.));
#1396 = DIRECTION('',(1.,0.,0.));
#1397 = DIRECTION('',(0.,1.,0.));
#1398 = ADVANCED_FACE('',(#1399),#1416,.T.);
#1399 = FACE_BOUND('',#1400,.T.);
#1400 = EDGE_LOOP('',(#1401,#1402,#1403,#1411));
#1401 = ORIENTED_EDGE('',*,*,#545,.F.);
#1402 = ORIENTED_EDGE('',*,*,#1389,.T.);
#1403 = ORIENTED_EDGE('',*,*,#1404,.T.);
#1404 = EDGE_CURVE('',#1382,#1405,#1407,.T.);
#1405 = VERTEX_POINT('',#1406);
#1406 = CARTESIAN_POINT('',(51.5,-47.,1.));
#1407 = LINE('',#1408,#1409);
#1408 = CARTESIAN_POINT('',(48.5,-47.,1.));
#1409 = VECTOR('',#1410,1.);
#1410 = DIRECTION('',(1.,0.,0.));
#1411 = ORIENTED_EDGE('',*,*,#1412,.F.);
#1412 = EDGE_CURVE('',#538,#1405,#1413,.T.);
#1413 = B_SPLINE_CURVE_WITH_KNOTS('',1,(#1414,#1415),.UNSPECIFIED.,.F.,
  .F.,(2,2),(0.,1.),.PIECEWISE_BEZIER_KNOTS.);
#1414 = CARTESIAN_POINT('',(51.5,-47.,0.));
#1415 = CARTESIAN_POINT('',(51.5,-47.,1.));
#1416 = PLANE('',#1417);
#1417 = AXIS2_PLACEMENT_3D('',#1418,#1419,#1420);
#1418 = CARTESIAN_POINT('',(48.5,-47.,1.));
#1419 = DIRECTION('',(0.,1.,0.));
#1420 = DIRECTION('',(-1.,0.,0.));
#1421 = ADVANCED_FACE('',(#1422),#1433,.T.);
#1422 = FACE_BOUND('',#1423,.T.);
#1423 = EDGE_LOOP('',(#1424,#1425,#1426,#1432));
#1424 = ORIENTED_EDGE('',*,*,#537,.F.);
#1425 = ORIENTED_EDGE('',*,*,#1412,.T.);
#1426 = ORIENTED_EDGE('',*,*,#1427,.T.);
#1427 = EDGE_CURVE('',#1405,#1352,#1428,.T.);
#1428 = LINE('',#1429,#1430);
#1429 = CARTESIAN_POINT('',(51.5,-47.,1.));
#1430 = VECTOR('',#1431,1.);
#1431 = DIRECTION('',(0.,1.,0.));
#1432 = ORIENTED_EDGE('',*,*,#1351,.F.);
#1433 = PLANE('',#1434);
#1434 = AXIS2_PLACEMENT_3D('',#1435,#1436,#1437);
#1435 = CARTESIAN_POINT('',(51.5,-47.,1.));
#1436 = DIRECTION('',(-1.,0.,0.));
#1437 = DIRECTION('',(-0.,-1.,-0.));
#1438 = ADVANCED_FACE('',(#1439),#1457,.F.);
#1439 = FACE_BOUND('',#1440,.T.);
#1440 = EDGE_LOOP('',(#1441,#1442,#1449,#1456));
#1441 = ORIENTED_EDGE('',*,*,#561,.F.);
#1442 = ORIENTED_EDGE('',*,*,#1443,.T.);
#1443 = EDGE_CURVE('',#562,#1444,#1446,.T.);
#1444 = VERTEX_POINT('',#1445);
#1445 = CARTESIAN_POINT('',(-45.,26.,1.));
#1446 = B_SPLINE_CURVE_WITH_KNOTS('',1,(#1447,#1448),.UNSPECIFIED.,.F.,
  .F.,(2,2),(0.,1.),.PIECEWISE_BEZIER_KNOTS.);
#1447 = CARTESIAN_POINT('',(-45.,26.,0.));
#1448 = CARTESIAN_POINT('',(-45.,26.,1.));
#1449 = ORIENTED_EDGE('',*,*,#1450,.T.);
#1450 = EDGE_CURVE('',#1444,#1444,#1451,.T.);
#1451 = CIRCLE('',#1452,5.);
#1452 = AXIS2_PLACEMENT_3D('',#1453,#1454,#1455);
#1453 = CARTESIAN_POINT('',(-50.,26.,1.));
#1454 = DIRECTION('',(0.,0.,1.));
#1455 = DIRECTION('',(1.,0.,0.));
#1456 = ORIENTED_EDGE('',*,*,#1443,.F.);
#1457 = CYLINDRICAL_SURFACE('',#1458,5.);
#1458 = AXIS2_PLACEMENT_3D('',#1459,#1460,#1461);
#1459 = CARTESIAN_POINT('',(-50.,26.,0.));
#1460 = DIRECTION('',(0.,0.,1.));
#1461 = DIRECTION('',(1.,0.,0.));
#1462 = ADVANCED_FACE('',(#1463),#1481,.F.);
#1463 = FACE_BOUND('',#1464,.T.);
#1464 = EDGE_LOOP('',(#1465,#1466,#1473,#1480));
#1465 = ORIENTED_EDGE('',*,*,#572,.F.);
#1466 = ORIENTED_EDGE('',*,*,#1467,.T.);
#1467 = EDGE_CURVE('',#573,#1468,#1470,.T.);
#1468 = VERTEX_POINT('',#1469);
#1469 = CARTESIAN_POINT('',(-46.5,42.,1.));
#1470 = B_SPLINE_CURVE_WITH_KNOTS('',1,(#1471,#1472),.UNSPECIFIED.,.F.,
  .F.,(2,2),(0.,1.),.PIECEWISE_BEZIER_KNOTS.);
#1471 = CARTESIAN_POINT('',(-46.5,42.,0.));
#1472 = CARTESIAN_POINT('',(-46.5,42.,1.));
#1473 = ORIENTED_EDGE('',*,*,#1474,.T.);
#1474 = EDGE_CURVE('',#1468,#1468,#1475,.T.);
#1475 = CIRCLE('',#1476,3.5);
#1476 = AXIS2_PLACEMENT_3D('',#1477,#1478,#1479);
#1477 = CARTESIAN_POINT('',(-50.,42.,1.));
#1478 = DIRECTION('',(0.,0.,1.));
#1479 = DIRECTION('',(1.,0.,0.));
#1480 = ORIENTED_EDGE('',*,*,#1467,.F.);
#1481 = CYLINDRICAL_SURFACE('',#1482,3.5);
#1482 = AXIS2_PLACEMENT_3D('',#1483,#1484,#1485);
#1483 = CARTESIAN_POINT('',(-50.,42.,0.));
#1484 = DIRECTION('',(0.,0.,1.));
#1485 = DIRECTION('',(1.,0.,0.));
#1486 = ADVANCED_FACE('',(#1487),#1505,.F.);
#1487 = FACE_BOUND('',#1488,.T.);
#1488 = EDGE_LOOP('',(#1489,#1490,#1497,#1504));
#1489 = ORIENTED_EDGE('',*,*,#583,.F.);
#1490 = ORIENTED_EDGE('',*,*,#1491,.T.);
#1491 = EDGE_CURVE('',#584,#1492,#1494,.T.);
#1492 = VERTEX_POINT('',#1493);
#1493 = CARTESIAN_POINT('',(-57.4,50.,1.));
#1494 = B_SPLINE_CURVE_WITH_KNOTS('',1,(#1495,#1496),.UNSPECIFIED.,.F.,
  .F.,(2,2),(0.,1.),.PIECEWISE_BEZIER_KNOTS.);
#1495 = CARTESIAN_POINT('',(-57.4,50.,0.));
#1496 = CARTESIAN_POINT('',(-57.4,50.,1.));
#1497 = ORIENTED_EDGE('',*,*,#1498,.T.);
#1498 = EDGE_CURVE('',#1492,#1492,#1499,.T.);
#1499 = CIRCLE('',#1500,1.6);
#1500 = AXIS2_PLACEMENT_3D('',#1501,#1502,#1503);
#1501 = CARTESIAN_POINT('',(-59.,50.,1.));
#1502 = DIRECTION('',(0.,0.,1.));
#1503 = DIRECTION('',(1.,0.,0.));
#1504 = ORIENTED_EDGE('',*,*,#1491,.F.);
#1505 = CYLINDRICAL_SURFACE('',#1506,1.6);
#1506 = AXIS2_PLACEMENT_3D('',#1507,#1508,#1509);
#1507 = CARTESIAN_POINT('',(-59.,50.,0.));
#1508 = DIRECTION('',(0.,0.,1.));
#1509 = DIRECTION('',(1.,0.,0.));
#1510 = ADVANCED_FACE('',(#1511),#1529,.F.);
#1511 = FACE_BOUND('',#1512,.T.);
#1512 = EDGE_LOOP('',(#1513,#1514,#1521,#1528));
#1513 = ORIENTED_EDGE('',*,*,#594,.F.);
#1514 = ORIENTED_EDGE('',*,*,#1515,.T.);
#1515 = EDGE_CURVE('',#595,#1516,#1518,.T.);
#1516 = VERTEX_POINT('',#1517);
#1517 = CARTESIAN_POINT('',(-25.,26.,1.));
#1518 = B_SPLINE_CURVE_WITH_KNOTS('',1,(#1519,#1520),.UNSPECIFIED.,.F.,
  .F.,(2,2),(0.,1.),.PIECEWISE_BEZIER_KNOTS.);
#1519 = CARTESIAN_POINT('',(-25.,26.,0.));
#1520 = CARTESIAN_POINT('',(-25.,26.,1.));
#1521 = ORIENTED_EDGE('',*,*,#1522,.T.);
#1522 = EDGE_CURVE('',#1516,#1516,#1523,.T.);
#1523 = CIRCLE('',#1524,5.);
#1524 = AXIS2_PLACEMENT_3D('',#1525,#1526,#1527);
#1525 = CARTESIAN_POINT('',(-30.,26.,1.));
#1526 = DIRECTION('',(0.,0.,1.));
#1527 = DIRECTION('',(1.,0.,0.));
#1528 = ORIENTED_EDGE('',*,*,#1515,.F.);
#1529 = CYLINDRICAL_SURFACE('',#1530,5.);
#1530 = AXIS2_PLACEMENT_3D('',#1531,#1532,#1533);
#1531 = CARTESIAN_POINT('',(-30.,26.,0.));
#1532 = DIRECTION('',(0.,0.,1.));
#1533 = DIRECTION('',(1.,0.,0.));
#1534 = ADVANCED_FACE('',(#1535),#1553,.F.);
#1535 = FACE_BOUND('',#1536,.T.);
#1536 = EDGE_LOOP('',(#1537,#1538,#1545,#1552));
#1537 = ORIENTED_EDGE('',*,*,#605,.F.);
#1538 = ORIENTED_EDGE('',*,*,#1539,.T.);
#1539 = EDGE_CURVE('',#606,#1540,#1542,.T.);
#1540 = VERTEX_POINT('',#1541);
#1541 = CARTESIAN_POINT('',(-5.,26.,1.));
#1542 = B_SPLINE_CURVE_WITH_KNOTS('',1,(#1543,#1544),.UNSPECIFIED.,.F.,
  .F.,(2,2),(0.,1.),.PIECEWISE_BEZIER_KNOTS.);
#1543 = CARTESIAN_POINT('',(-5.,26.,0.));
#1544 = CARTESIAN_POINT('',(-5.,26.,1.));
#1545 = ORIENTED_EDGE('',*,*,#1546,.T.);
#1546 = EDGE_CURVE('',#1540,#1540,#1547,.T.);
#1547 = CIRCLE('',#1548,5.);
#1548 = AXIS2_PLACEMENT_3D('',#1549,#1550,#1551);
#1549 = CARTESIAN_POINT('',(-10.,26.,1.));
#1550 = DIRECTION('',(0.,0.,1.));
#1551 = DIRECTION('',(1.,0.,0.));
#1552 = ORIENTED_EDGE('',*,*,#1539,.F.);
#1553 = CYLINDRICAL_SURFACE('',#1554,5.);
#1554 = AXIS2_PLACEMENT_3D('',#1555,#1556,#1557);
#1555 = CARTESIAN_POINT('',(-10.,26.,0.));
#1556 = DIRECTION('',(0.,0.,1.));
#1557 = DIRECTION('',(1.,0.,0.));
#1558 = ADVANCED_FACE('',(#1559),#1577,.F.);
#1559 = FACE_BOUND('',#1560,.T.);
#1560 = EDGE_LOOP('',(#1561,#1562,#1569,#1576));
#1561 = ORIENTED_EDGE('',*,*,#616,.F.);
#1562 = ORIENTED_EDGE('',*,*,#1563,.T.);
#1563 = EDGE_CURVE('',#617,#1564,#1566,.T.);
#1564 = VERTEX_POINT('',#1565);
#1565 = CARTESIAN_POINT('',(-26.5,42.,1.));
#1566 = B_SPLINE_CURVE_WITH_KNOTS('',1,(#1567,#1568),.UNSPECIFIED.,.F.,
  .F.,(2,2),(0.,1.),.PIECEWISE_BEZIER_KNOTS.);
#1567 = CARTESIAN_POINT('',(-26.5,42.,0.));
#1568 = CARTESIAN_POINT('',(-26.5,42.,1.));
#1569 = ORIENTED_EDGE('',*,*,#1570,.T.);
#1570 = EDGE_CURVE('',#1564,#1564,#1571,.T.);
#1571 = CIRCLE('',#1572,3.5);
#1572 = AXIS2_PLACEMENT_3D('',#1573,#1574,#1575);
#1573 = CARTESIAN_POINT('',(-30.,42.,1.));
#1574 = DIRECTION('',(0.,0.,1.));
#1575 = DIRECTION('',(1.,0.,0.));
#1576 = ORIENTED_EDGE('',*,*,#1563,.F.);
#1577 = CYLINDRICAL_SURFACE('',#1578,3.5);
#1578 = AXIS2_PLACEMENT_3D('',#1579,#1580,#1581);
#1579 = CARTESIAN_POINT('',(-30.,42.,0.));
#1580 = DIRECTION('',(0.,0.,1.));
#1581 = DIRECTION('',(1.,0.,0.));
#1582 = ADVANCED_FACE('',(#1583),#1601,.F.);
#1583 = FACE_BOUND('',#1584,.T.);
#1584 = EDGE_LOOP('',(#1585,#1586,#1593,#1600));
#1585 = ORIENTED_EDGE('',*,*,#627,.F.);
#1586 = ORIENTED_EDGE('',*,*,#1587,.T.);
#1587 = EDGE_CURVE('',#628,#1588,#1590,.T.);
#1588 = VERTEX_POINT('',#1589);
#1589 = CARTESIAN_POINT('',(-6.5,42.,1.));
#1590 = B_SPLINE_CURVE_WITH_KNOTS('',1,(#1591,#1592),.UNSPECIFIED.,.F.,
  .F.,(2,2),(0.,1.),.PIECEWISE_BEZIER_KNOTS.);
#1591 = CARTESIAN_POINT('',(-6.5,42.,0.));
#1592 = CARTESIAN_POINT('',(-6.5,42.,1.));
#1593 = ORIENTED_EDGE('',*,*,#1594,.T.);
#1594 = EDGE_CURVE('',#1588,#1588,#1595,.T.);
#1595 = CIRCLE('',#1596,3.5);
#1596 = AXIS2_PLACEMENT_3D('',#1597,#1598,#1599);
#1597 = CARTESIAN_POINT('',(-10.,42.,1.));
#1598 = DIRECTION('',(0.,0.,1.));
#1599 = DIRECTION('',(1.,0.,0.));
#1600 = ORIENTED_EDGE('',*,*,#1587,.F.);
#1601 = CYLINDRICAL_SURFACE('',#1602,3.5);
#1602 = AXIS2_PLACEMENT_3D('',#1603,#1604,#1605);
#1603 = CARTESIAN_POINT('',(-10.,42.,0.));
#1604 = DIRECTION('',(0.,0.,1.));
#1605 = DIRECTION('',(1.,0.,0.));
#1606 = ADVANCED_FACE('',(#1607),#1625,.F.);
#1607 = FACE_BOUND('',#1608,.T.);
#1608 = EDGE_LOOP('',(#1609,#1610,#1617,#1624));
#1609 = ORIENTED_EDGE('',*,*,#638,.F.);
#1610 = ORIENTED_EDGE('',*,*,#1611,.T.);
#1611 = EDGE_CURVE('',#639,#1612,#1614,.T.);
#1612 = VERTEX_POINT('',#1613);
#1613 = CARTESIAN_POINT('',(15.,26.,1.));
#1614 = B_SPLINE_CURVE_WITH_KNOTS('',1,(#1615,#1616),.UNSPECIFIED.,.F.,
  .F.,(2,2),(0.,1.),.PIECEWISE_BEZIER_KNOTS.);
#1615 = CARTESIAN_POINT('',(15.,26.,0.));
#1616 = CARTESIAN_POINT('',(15.,26.,1.));
#1617 = ORIENTED_EDGE('',*,*,#1618,.T.);
#1618 = EDGE_CURVE('',#1612,#1612,#1619,.T.);
#1619 = CIRCLE('',#1620,5.);
#1620 = AXIS2_PLACEMENT_3D('',#1621,#1622,#1623);
#1621 = CARTESIAN_POINT('',(10.,26.,1.));
#1622 = DIRECTION('',(0.,0.,1.));
#1623 = DIRECTION('',(1.,0.,0.));
#1624 = ORIENTED_EDGE('',*,*,#1611,.F.);
#1625 = CYLINDRICAL_SURFACE('',#1626,5.);
#1626 = AXIS2_PLACEMENT_3D('',#1627,#1628,#1629);
#1627 = CARTESIAN_POINT('',(10.,26.,0.));
#1628 = DIRECTION('',(0.,0.,1.));
#1629 = DIRECTION('',(1.,0.,0.));
#1630 = ADVANCED_FACE('',(#1631),#1649,.F.);
#1631 = FACE_BOUND('',#1632,.T.);
#1632 = EDGE_LOOP('',(#1633,#1634,#1641,#1648));
#1633 = ORIENTED_EDGE('',*,*,#649,.F.);
#1634 = ORIENTED_EDGE('',*,*,#1635,.T.);
#1635 = EDGE_CURVE('',#650,#1636,#1638,.T.);
#1636 = VERTEX_POINT('',#1637);
#1637 = CARTESIAN_POINT('',(33.5,26.,1.));
#1638 = B_SPLINE_CURVE_WITH_KNOTS('',1,(#1639,#1640),.UNSPECIFIED.,.F.,
  .F.,(2,2),(0.,1.),.PIECEWISE_BEZIER_KNOTS.);
#1639 = CARTESIAN_POINT('',(33.5,26.,0.));
#1640 = CARTESIAN_POINT('',(33.5,26.,1.));
#1641 = ORIENTED_EDGE('',*,*,#1642,.T.);
#1642 = EDGE_CURVE('',#1636,#1636,#1643,.T.);
#1643 = CIRCLE('',#1644,3.5);
#1644 = AXIS2_PLACEMENT_3D('',#1645,#1646,#1647);
#1645 = CARTESIAN_POINT('',(30.,26.,1.));
#1646 = DIRECTION('',(0.,0.,1.));
#1647 = DIRECTION('',(1.,0.,0.));
#1648 = ORIENTED_EDGE('',*,*,#1635,.F.);
#1649 = CYLINDRICAL_SURFACE('',#1650,3.5);
#1650 = AXIS2_PLACEMENT_3D('',#1651,#1652,#1653);
#1651 = CARTESIAN_POINT('',(30.,26.,0.));
#1652 = DIRECTION('',(0.,0.,1.));
#1653 = DIRECTION('',(1.,0.,0.));
#1654 = ADVANCED_FACE('',(#1655),#1673,.F.);
#1655 = FACE_BOUND('',#1656,.T.);
#1656 = EDGE_LOOP('',(#1657,#1658,#1665,#1672));
#1657 = ORIENTED_EDGE('',*,*,#660,.F.);
#1658 = ORIENTED_EDGE('',*,*,#1659,.T.);
#1659 = EDGE_CURVE('',#661,#1660,#1662,.T.);
#1660 = VERTEX_POINT('',#1661);
#1661 = CARTESIAN_POINT('',(13.5,42.,1.));
#1662 = B_SPLINE_CURVE_WITH_KNOTS('',1,(#1663,#1664),.UNSPECIFIED.,.F.,
  .F.,(2,2),(0.,1.),.PIECEWISE_BEZIER_KNOTS.);
#1663 = CARTESIAN_POINT('',(13.5,42.,0.));
#1664 = CARTESIAN_POINT('',(13.5,42.,1.));
#1665 = ORIENTED_EDGE('',*,*,#1666,.T.);
#1666 = EDGE_CURVE('',#1660,#1660,#1667,.T.);
#1667 = CIRCLE('',#1668,3.5);
#1668 = AXIS2_PLACEMENT_3D('',#1669,#1670,#1671);
#1669 = CARTESIAN_POINT('',(10.,42.,1.));
#1670 = DIRECTION('',(0.,0.,1.));
#1671 = DIRECTION('',(1.,0.,0.));
#1672 = ORIENTED_EDGE('',*,*,#1659,.F.);
#1673 = CYLINDRICAL_SURFACE('',#1674,3.5);
#1674 = AXIS2_PLACEMENT_3D('',#1675,#1676,#1677);
#1675 = CARTESIAN_POINT('',(10.,42.,0.));
#1676 = DIRECTION('',(0.,0.,1.));
#1677 = DIRECTION('',(1.,0.,0.));
#1678 = ADVANCED_FACE('',(#1679),#1697,.F.);
#1679 = FACE_BOUND('',#1680,.T.);
#1680 = EDGE_LOOP('',(#1681,#1682,#1689,#1696));
#1681 = ORIENTED_EDGE('',*,*,#671,.F.);
#1682 = ORIENTED_EDGE('',*,*,#1683,.T.);
#1683 = EDGE_CURVE('',#672,#1684,#1686,.T.);
#1684 = VERTEX_POINT('',#1685);
#1685 = CARTESIAN_POINT('',(33.5,42.,1.));
#1686 = B_SPLINE_CURVE_WITH_KNOTS('',1,(#1687,#1688),.UNSPECIFIED.,.F.,
  .F.,(2,2),(0.,1.),.PIECEWISE_BEZIER_KNOTS.);
#1687 = CARTESIAN_POINT('',(33.5,42.,0.));
#1688 = CARTESIAN_POINT('',(33.5,42.,1.));
#1689 = ORIENTED_EDGE('',*,*,#1690,.T.);
#1690 = EDGE_CURVE('',#1684,#1684,#1691,.T.);
#1691 = CIRCLE('',#1692,3.5);
#1692 = AXIS2_PLACEMENT_3D('',#1693,#1694,#1695);
#1693 = CARTESIAN_POINT('',(30.,42.,1.));
#1694 = DIRECTION('',(0.,0.,1.));
#1695 = DIRECTION('',(1.,0.,0.));
#1696 = ORIENTED_EDGE('',*,*,#1683,.F.);
#1697 = CYLINDRICAL_SURFACE('',#1698,3.5);
#1698 = AXIS2_PLACEMENT_3D('',#1699,#1700,#1701);
#1699 = CARTESIAN_POINT('',(30.,42.,0.));
#1700 = DIRECTION('',(0.,0.,1.));
#1701 = DIRECTION('',(1.,0.,0.));
#1702 = ADVANCED_FACE('',(#1703),#1726,.T.);
#1703 = FACE_BOUND('',#1704,.T.);
#1704 = EDGE_LOOP('',(#1705,#1706,#1713,#1721));
#1705 = ORIENTED_EDGE('',*,*,#682,.F.);
#1706 = ORIENTED_EDGE('',*,*,#1707,.T.);
#1707 = EDGE_CURVE('',#683,#1708,#1710,.T.);
#1708 = VERTEX_POINT('',#1709);
#1709 = CARTESIAN_POINT('',(52.63,25.282,1.));
#1710 = B_SPLINE_CURVE_WITH_KNOTS('',1,(#1711,#1712),.UNSPECIFIED.,.F.,
  .F.,(2,2),(0.,1.),.PIECEWISE_BEZIER_KNOTS.);
#1711 = CARTESIAN_POINT('',(52.63,25.282,0.));
#1712 = CARTESIAN_POINT('',(52.63,25.282,1.));
#1713 = ORIENTED_EDGE('',*,*,#1714,.T.);
#1714 = EDGE_CURVE('',#1708,#1715,#1717,.T.);
#1715 = VERTEX_POINT('',#1716);
#1716 = CARTESIAN_POINT('',(52.63,27.582,1.));
#1717 = LINE('',#1718,#1719);
#1718 = CARTESIAN_POINT('',(52.63,25.282,1.));
#1719 = VECTOR('',#1720,1.);
#1720 = DIRECTION('',(0.,1.,0.));
#1721 = ORIENTED_EDGE('',*,*,#1722,.F.);
#1722 = EDGE_CURVE('',#685,#1715,#1723,.T.);
#1723 = B_SPLINE_CURVE_WITH_KNOTS('',1,(#1724,#1725),.UNSPECIFIED.,.F.,
  .F.,(2,2),(0.,1.),.PIECEWISE_BEZIER_KNOTS.);
#1724 = CARTESIAN_POINT('',(52.63,27.582,0.));
#1725 = CARTESIAN_POINT('',(52.63,27.582,1.));
#1726 = PLANE('',#1727);
#1727 = AXIS2_PLACEMENT_3D('',#1728,#1729,#1730);
#1728 = CARTESIAN_POINT('',(52.63,25.282,1.));
#1729 = DIRECTION('',(-1.,0.,0.));
#1730 = DIRECTION('',(-0.,-1.,-0.));
#1731 = ADVANCED_FACE('',(#1732),#1749,.T.);
#1732 = FACE_BOUND('',#1733,.T.);
#1733 = EDGE_LOOP('',(#1734,#1735,#1736,#1744));
#1734 = ORIENTED_EDGE('',*,*,#708,.F.);
#1735 = ORIENTED_EDGE('',*,*,#1722,.T.);
#1736 = ORIENTED_EDGE('',*,*,#1737,.T.);
#1737 = EDGE_CURVE('',#1715,#1738,#1740,.T.);
#1738 = VERTEX_POINT('',#1739);
#1739 = CARTESIAN_POINT('',(47.33,27.582,1.));
#1740 = LINE('',#1741,#1742);
#1741 = CARTESIAN_POINT('',(52.63,27.582,1.));
#1742 = VECTOR('',#1743,1.);
#1743 = DIRECTION('',(-1.,0.,0.));
#1744 = ORIENTED_EDGE('',*,*,#1745,.F.);
#1745 = EDGE_CURVE('',#701,#1738,#1746,.T.);
#1746 = B_SPLINE_CURVE_WITH_KNOTS('',1,(#1747,#1748),.UNSPECIFIED.,.F.,
  .F.,(2,2),(0.,1.),.PIECEWISE_BEZIER_KNOTS.);
#1747 = CARTESIAN_POINT('',(47.33,27.582,0.));
#1748 = CARTESIAN_POINT('',(47.33,27.582,1.));
#1749 = PLANE('',#1750);
#1750 = AXIS2_PLACEMENT_3D('',#1751,#1752,#1753);
#1751 = CARTESIAN_POINT('',(52.63,27.582,1.));
#1752 = DIRECTION('',(0.,-1.,0.));
#1753 = DIRECTION('',(1.,0.,0.));
#1754 = ADVANCED_FACE('',(#1755),#1772,.T.);
#1755 = FACE_BOUND('',#1756,.T.);
#1756 = EDGE_LOOP('',(#1757,#1758,#1759,#1767));
#1757 = ORIENTED_EDGE('',*,*,#700,.F.);
#1758 = ORIENTED_EDGE('',*,*,#1745,.T.);
#1759 = ORIENTED_EDGE('',*,*,#1760,.T.);
#1760 = EDGE_CURVE('',#1738,#1761,#1763,.T.);
#1761 = VERTEX_POINT('',#1762);
#1762 = CARTESIAN_POINT('',(47.33,25.282,1.));
#1763 = LINE('',#1764,#1765);
#1764 = CARTESIAN_POINT('',(47.33,27.582,1.));
#1765 = VECTOR('',#1766,1.);
#1766 = DIRECTION('',(0.,-1.,0.));
#1767 = ORIENTED_EDGE('',*,*,#1768,.F.);
#1768 = EDGE_CURVE('',#693,#1761,#1769,.T.);
#1769 = B_SPLINE_CURVE_WITH_KNOTS('',1,(#1770,#1771),.UNSPECIFIED.,.F.,
  .F.,(2,2),(0.,1.),.PIECEWISE_BEZIER_KNOTS.);
#1770 = CARTESIAN_POINT('',(47.33,25.282,0.));
#1771 = CARTESIAN_POINT('',(47.33,25.282,1.));
#1772 = PLANE('',#1773);
#1773 = AXIS2_PLACEMENT_3D('',#1774,#1775,#1776);
#1774 = CARTESIAN_POINT('',(47.33,27.582,1.));
#1775 = DIRECTION('',(1.,0.,0.));
#1776 = DIRECTION('',(0.,1.,0.));
#1777 = ADVANCED_FACE('',(#1778),#1789,.T.);
#1778 = FACE_BOUND('',#1779,.T.);
#1779 = EDGE_LOOP('',(#1780,#1781,#1782,#1788));
#1780 = ORIENTED_EDGE('',*,*,#692,.F.);
#1781 = ORIENTED_EDGE('',*,*,#1768,.T.);
#1782 = ORIENTED_EDGE('',*,*,#1783,.T.);
#1783 = EDGE_CURVE('',#1761,#1708,#1784,.T.);
#1784 = LINE('',#1785,#1786);
#1785 = CARTESIAN_POINT('',(47.33,25.282,1.));
#1786 = VECTOR('',#1787,1.);
#1787 = DIRECTION('',(1.,0.,0.));
#1788 = ORIENTED_EDGE('',*,*,#1707,.F.);
#1789 = PLANE('',#1790);
#1790 = AXIS2_PLACEMENT_3D('',#1791,#1792,#1793);
#1791 = CARTESIAN_POINT('',(47.33,25.282,1.));
#1792 = DIRECTION('',(0.,1.,0.));
#1793 = DIRECTION('',(-1.,0.,0.));
#1794 = ADVANCED_FACE('',(#1795),#1813,.F.);
#1795 = FACE_BOUND('',#1796,.T.);
#1796 = EDGE_LOOP('',(#1797,#1798,#1805,#1812));
#1797 = ORIENTED_EDGE('',*,*,#716,.F.);
#1798 = ORIENTED_EDGE('',*,*,#1799,.T.);
#1799 = EDGE_CURVE('',#717,#1800,#1802,.T.);
#1800 = VERTEX_POINT('',#1801);
#1801 = CARTESIAN_POINT('',(53.5,42.,1.));
#1802 = B_SPLINE_CURVE_WITH_KNOTS('',1,(#1803,#1804),.UNSPECIFIED.,.F.,
  .F.,(2,2),(0.,1.),.PIECEWISE_BEZIER_KNOTS.);
#1803 = CARTESIAN_POINT('',(53.5,42.,0.));
#1804 = CARTESIAN_POINT('',(53.5,42.,1.));
#1805 = ORIENTED_EDGE('',*,*,#1806,.T.);
#1806 = EDGE_CURVE('',#1800,#1800,#1807,.T.);
#1807 = CIRCLE('',#1808,3.5);
#1808 = AXIS2_PLACEMENT_3D('',#1809,#1810,#1811);
#1809 = CARTESIAN_POINT('',(50.,42.,1.));
#1810 = DIRECTION('',(0.,0.,1.));
#1811 = DIRECTION('',(1.,0.,0.));
#1812 = ORIENTED_EDGE('',*,*,#1799,.F.);
#1813 = CYLINDRICAL_SURFACE('',#1814,3.5);
#1814 = AXIS2_PLACEMENT_3D('',#1815,#1816,#1817);
#1815 = CARTESIAN_POINT('',(50.,42.,0.));
#1816 = DIRECTION('',(0.,0.,1.));
#1817 = DIRECTION('',(1.,0.,0.));
#1818 = ADVANCED_FACE('',(#1819),#1837,.F.);
#1819 = FACE_BOUND('',#1820,.T.);
#1820 = EDGE_LOOP('',(#1821,#1822,#1829,#1836));
#1821 = ORIENTED_EDGE('',*,*,#727,.F.);
#1822 = ORIENTED_EDGE('',*,*,#1823,.T.);
#1823 = EDGE_CURVE('',#728,#1824,#1826,.T.);
#1824 = VERTEX_POINT('',#1825);
#1825 = CARTESIAN_POINT('',(60.6,50.,1.));
#1826 = B_SPLINE_CURVE_WITH_KNOTS('',1,(#1827,#1828),.UNSPECIFIED.,.F.,
  .F.,(2,2),(0.,1.),.PIECEWISE_BEZIER_KNOTS.);
#1827 = CARTESIAN_POINT('',(60.6,50.,0.));
#1828 = CARTESIAN_POINT('',(60.6,50.,1.));
#1829 = ORIENTED_EDGE('',*,*,#1830,.T.);
#1830 = EDGE_CURVE('',#1824,#1824,#1831,.T.);
#1831 = CIRCLE('',#1832,1.6);
#1832 = AXIS2_PLACEMENT_3D('',#1833,#1834,#1835);
#1833 = CARTESIAN_POINT('',(59.,50.,1.));
#1834 = DIRECTION('',(0.,0.,1.));
#1835 = DIRECTION('',(1.,0.,0.));
#1836 = ORIENTED_EDGE('',*,*,#1823,.F.);
#1837 = CYLINDRICAL_SURFACE('',#1838,1.6);
#1838 = AXIS2_PLACEMENT_3D('',#1839,#1840,#1841);
#1839 = CARTESIAN_POINT('',(59.,50.,0.));
#1840 = DIRECTION('',(0.,0.,1.));
#1841 = DIRECTION('',(1.,0.,0.));
#1842 = ADVANCED_FACE('',(#1843,#1854,#1857,#1863,#1869,#1875,#1878,
    #1884,#1890,#1896,#1899,#1902,#1905,#1908,#1911,#1914,#1917,#1920,
    #1923,#1926,#1929,#1935,#1938),#1941,.T.);
#1843 = FACE_BOUND('',#1844,.T.);
#1844 = EDGE_LOOP('',(#1845,#1846,#1852,#1853));
#1845 = ORIENTED_EDGE('',*,*,#769,.F.);
#1846 = ORIENTED_EDGE('',*,*,#1847,.F.);
#1847 = EDGE_CURVE('',#787,#762,#1848,.T.);
#1848 = LINE('',#1849,#1850);
#1849 = CARTESIAN_POINT('',(-68.,54.2,1.));
#1850 = VECTOR('',#1851,1.);
#1851 = DIRECTION('',(1.,0.,0.));
#1852 = ORIENTED_EDGE('',*,*,#786,.F.);
#1853 = ORIENTED_EDGE('',*,*,#747,.F.);
#1854 = FACE_BOUND('',#1855,.T.);
#1855 = EDGE_LOOP('',(#1856));
#1856 = ORIENTED_EDGE('',*,*,#850,.F.);
#1857 = FACE_BOUND('',#1858,.T.);
#1858 = EDGE_LOOP('',(#1859,#1860,#1861,#1862));
#1859 = ORIENTED_EDGE('',*,*,#874,.F.);
#1860 = ORIENTED_EDGE('',*,*,#943,.F.);
#1861 = ORIENTED_EDGE('',*,*,#920,.F.);
#1862 = ORIENTED_EDGE('',*,*,#897,.F.);
#1863 = FACE_BOUND('',#1864,.T.);
#1864 = EDGE_LOOP('',(#1865,#1866,#1867,#1868));
#1865 = ORIENTED_EDGE('',*,*,#966,.F.);
#1866 = ORIENTED_EDGE('',*,*,#1035,.F.);
#1867 = ORIENTED_EDGE('',*,*,#1012,.F.);
#1868 = ORIENTED_EDGE('',*,*,#989,.F.);
#1869 = FACE_BOUND('',#1870,.T.);
#1870 = EDGE_LOOP('',(#1871,#1872,#1873,#1874));
#1871 = ORIENTED_EDGE('',*,*,#1058,.F.);
#1872 = ORIENTED_EDGE('',*,*,#1127,.F.);
#1873 = ORIENTED_EDGE('',*,*,#1104,.F.);
#1874 = ORIENTED_EDGE('',*,*,#1081,.F.);
#1875 = FACE_BOUND('',#1876,.T.);
#1876 = EDGE_LOOP('',(#1877));
#1877 = ORIENTED_EDGE('',*,*,#1150,.F.);
#1878 = FACE_BOUND('',#1879,.T.);
#1879 = EDGE_LOOP('',(#1880,#1881,#1882,#1883));
#1880 = ORIENTED_EDGE('',*,*,#1174,.F.);
#1881 = ORIENTED_EDGE('',*,*,#1243,.F.);
#1882 = ORIENTED_EDGE('',*,*,#1220,.F.);
#1883 = ORIENTED_EDGE('',*,*,#1197,.F.);
#1884 = FACE_BOUND('',#1885,.T.);
#1885 = EDGE_LOOP('',(#1886,#1887,#1888,#1889));
#1886 = ORIENTED_EDGE('',*,*,#1266,.F.);
#1887 = ORIENTED_EDGE('',*,*,#1335,.F.);
#1888 = ORIENTED_EDGE('',*,*,#1312,.F.);
#1889 = ORIENTED_EDGE('',*,*,#1289,.F.);
#1890 = FACE_BOUND('',#1891,.T.);
#1891 = EDGE_LOOP('',(#1892,#1893,#1894,#1895));
#1892 = ORIENTED_EDGE('',*,*,#1358,.F.);
#1893 = ORIENTED_EDGE('',*,*,#1427,.F.);
#1894 = ORIENTED_EDGE('',*,*,#1404,.F.);
#1895 = ORIENTED_EDGE('',*,*,#1381,.F.);
#1896 = FACE_BOUND('',#1897,.T.);
#1897 = EDGE_LOOP('',(#1898));
#1898 = ORIENTED_EDGE('',*,*,#1450,.F.);
#1899 = FACE_BOUND('',#1900,.T.);
#1900 = EDGE_LOOP('',(#1901));
#1901 = ORIENTED_EDGE('',*,*,#1474,.F.);
#1902 = FACE_BOUND('',#1903,.T.);
#1903 = EDGE_LOOP('',(#1904));
#1904 = ORIENTED_EDGE('',*,*,#1498,.F.);
#1905 = FACE_BOUND('',#1906,.T.);
#1906 = EDGE_LOOP('',(#1907));
#1907 = ORIENTED_EDGE('',*,*,#1522,.F.);
#1908 = FACE_BOUND('',#1909,.T.);
#1909 = EDGE_LOOP('',(#1910));
#1910 = ORIENTED_EDGE('',*,*,#1546,.F.);
#1911 = FACE_BOUND('',#1912,.T.);
#1912 = EDGE_LOOP('',(#1913));
#1913 = ORIENTED_EDGE('',*,*,#1570,.F.);
#1914 = FACE_BOUND('',#1915,.T.);
#1915 = EDGE_LOOP('',(#1916));
#1916 = ORIENTED_EDGE('',*,*,#1594,.F.);
#1917 = FACE_BOUND('',#1918,.T.);
#1918 = EDGE_LOOP('',(#1919));
#1919 = ORIENTED_EDGE('',*,*,#1618,.F.);
#1920 = FACE_BOUND('',#1921,.T.);
#1921 = EDGE_LOOP('',(#1922));
#1922 = ORIENTED_EDGE('',*,*,#1642,.F.);
#1923 = FACE_BOUND('',#1924,.T.);
#1924 = EDGE_LOOP('',(#1925));
#1925 = ORIENTED_EDGE('',*,*,#1666,.F.);
#1926 = FACE_BOUND('',#1927,.T.);
#1927 = EDGE_LOOP('',(#1928));
#1928 = ORIENTED_EDGE('',*,*,#1690,.F.);
#1929 = FACE_BOUND('',#1930,.T.);
#1930 = EDGE_LOOP('',(#1931,#1932,#1933,#1934));
#1931 = ORIENTED_EDGE('',*,*,#1714,.F.);
#1932 = ORIENTED_EDGE('',*,*,#1783,.F.);
#1933 = ORIENTED_EDGE('',*,*,#1760,.F.);
#1934 = ORIENTED_EDGE('',*,*,#1737,.F.);
#1935 = FACE_BOUND('',#1936,.T.);
#1936 = EDGE_LOOP('',(#1937));
#1937 = ORIENTED_EDGE('',*,*,#1806,.F.);
#1938 = FACE_BOUND('',#1939,.T.);
#1939 = EDGE_LOOP('',(#1940));
#1940 = ORIENTED_EDGE('',*,*,#1830,.F.);
#1941 = PLANE('',#1942);
#1942 = AXIS2_PLACEMENT_3D('',#1943,#1944,#1945);
#1943 = CARTESIAN_POINT('',(0.,1.86E-15,1.));
#1944 = DIRECTION('',(0.,0.,1.));
#1945 = DIRECTION('',(1.,0.,0.));
#1946 = ADVANCED_FACE('',(#1947),#1966,.F.);
#1947 = FACE_BOUND('',#1948,.F.);
#1948 = EDGE_LOOP('',(#1949,#1958,#1964,#1965));
#1949 = ORIENTED_EDGE('',*,*,#1950,.T.);
#1950 = EDGE_CURVE('',#762,#1951,#1953,.T.);
#1951 = VERTEX_POINT('',#1952);
#1952 = CARTESIAN_POINT('',(68.,56.2,-1.));
#1953 = CIRCLE('',#1954,2.);
#1954 = AXIS2_PLACEMENT_3D('',#1955,#1956,#1957);
#1955 = CARTESIAN_POINT('',(68.,54.2,-1.));
#1956 = DIRECTION('',(-1.,0.,0.));
#1957 = DIRECTION('',(0.,0.,1.));
#1958 = ORIENTED_EDGE('',*,*,#1959,.T.);
#1959 = EDGE_CURVE('',#1951,#810,#1960,.T.);
#1960 = LINE('',#1961,#1962);
#1961 = CARTESIAN_POINT('',(68.,56.2,-1.));
#1962 = VECTOR('',#1963,1.);
#1963 = DIRECTION('',(0.,-1.,0.));
#1964 = ORIENTED_EDGE('',*,*,#809,.F.);
#1965 = ORIENTED_EDGE('',*,*,#761,.T.);
#1966 = PLANE('',#1967);
#1967 = AXIS2_PLACEMENT_3D('',#1968,#1969,#1970);
#1968 = CARTESIAN_POINT('',(68.,54.2,-1.));
#1969 = DIRECTION('',(-1.,-0.,-0.));
#1970 = DIRECTION('',(0.,0.,1.));
#1971 = ADVANCED_FACE('',(#1972),#1991,.T.);
#1972 = FACE_BOUND('',#1973,.F.);
#1973 = EDGE_LOOP('',(#1974,#1975,#1983,#1990));
#1974 = ORIENTED_EDGE('',*,*,#826,.T.);
#1975 = ORIENTED_EDGE('',*,*,#1976,.T.);
#1976 = EDGE_CURVE('',#819,#1977,#1979,.T.);
#1977 = VERTEX_POINT('',#1978);
#1978 = CARTESIAN_POINT('',(-68.,56.2,-1.));
#1979 = LINE('',#1980,#1981);
#1980 = CARTESIAN_POINT('',(-68.,55.2,-1.));
#1981 = VECTOR('',#1982,1.);
#1982 = DIRECTION('',(0.,1.,0.));
#1983 = ORIENTED_EDGE('',*,*,#1984,.F.);
#1984 = EDGE_CURVE('',#787,#1977,#1985,.T.);
#1985 = CIRCLE('',#1986,2.);
#1986 = AXIS2_PLACEMENT_3D('',#1987,#1988,#1989);
#1987 = CARTESIAN_POINT('',(-68.,54.2,-1.));
#1988 = DIRECTION('',(-1.,0.,0.));
#1989 = DIRECTION('',(0.,0.,1.));
#1990 = ORIENTED_EDGE('',*,*,#794,.F.);
#1991 = PLANE('',#1992);
#1992 = AXIS2_PLACEMENT_3D('',#1993,#1994,#1995);
#1993 = CARTESIAN_POINT('',(-68.,54.2,-1.));
#1994 = DIRECTION('',(-1.,-0.,-0.));
#1995 = DIRECTION('',(0.,0.,1.));
#1996 = ADVANCED_FACE('',(#1997,#2040,#2110),#2180,.T.);
#1997 = FACE_BOUND('',#1998,.T.);
#1998 = EDGE_LOOP('',(#1999,#2009,#2018,#2024,#2025,#2033));
#1999 = ORIENTED_EDGE('',*,*,#2000,.T.);
#2000 = EDGE_CURVE('',#2001,#2003,#2005,.T.);
#2001 = VERTEX_POINT('',#2002);
#2002 = CARTESIAN_POINT('',(-67.,55.2,-27.5));
#2003 = VERTEX_POINT('',#2004);
#2004 = CARTESIAN_POINT('',(67.,55.2,-27.5));
#2005 = LINE('',#2006,#2007);
#2006 = CARTESIAN_POINT('',(-68.,55.2,-27.5));
#2007 = VECTOR('',#2008,1.);
#2008 = DIRECTION('',(1.,0.,0.));
#2009 = ORIENTED_EDGE('',*,*,#2010,.F.);
#2010 = EDGE_CURVE('',#2011,#2003,#2013,.T.);
#2011 = VERTEX_POINT('',#2012);
#2012 = CARTESIAN_POINT('',(68.,55.2,-26.5));
#2013 = CIRCLE('',#2014,1.);
#2014 = AXIS2_PLACEMENT_3D('',#2015,#2016,#2017);
#2015 = CARTESIAN_POINT('',(67.,55.2,-26.5));
#2016 = DIRECTION('',(4.66E-15,1.,-0.));
#2017 = DIRECTION('',(-1.,4.66E-15,0.));
#2018 = ORIENTED_EDGE('',*,*,#2019,.T.);
#2019 = EDGE_CURVE('',#2011,#810,#2020,.T.);
#2020 = LINE('',#2021,#2022);
#2021 = CARTESIAN_POINT('',(68.,55.2,-27.5));
#2022 = VECTOR('',#2023,1.);
#2023 = DIRECTION('',(0.,0.,1.));
#2024 = ORIENTED_EDGE('',*,*,#818,.T.);
#2025 = ORIENTED_EDGE('',*,*,#2026,.T.);
#2026 = EDGE_CURVE('',#819,#2027,#2029,.T.);
#2027 = VERTEX_POINT('',#2028);
#2028 = CARTESIAN_POINT('',(-68.,55.2,-26.5));
#2029 = LINE('',#2030,#2031);
#2030 = CARTESIAN_POINT('',(-68.,55.2,-1.));
#2031 = VECTOR('',#2032,1.);
#2032 = DIRECTION('',(0.,0.,-1.));
#2033 = ORIENTED_EDGE('',*,*,#2034,.F.);
#2034 = EDGE_CURVE('',#2001,#2027,#2035,.T.);
#2035 = CIRCLE('',#2036,1.);
#2036 = AXIS2_PLACEMENT_3D('',#2037,#2038,#2039);
#2037 = CARTESIAN_POINT('',(-67.,55.2,-26.5));
#2038 = DIRECTION('',(4.66E-15,1.,-0.));
#2039 = DIRECTION('',(-1.,4.66E-15,0.));
#2040 = FACE_BOUND('',#2041,.T.);
#2041 = EDGE_LOOP('',(#2042,#2053,#2061,#2070,#2078,#2087,#2095,#2104));
#2042 = ORIENTED_EDGE('',*,*,#2043,.F.);
#2043 = EDGE_CURVE('',#2044,#2046,#2048,.T.);
#2044 = VERTEX_POINT('',#2045);
#2045 = CARTESIAN_POINT('',(-45.55,55.2,-9.9));
#2046 = VERTEX_POINT('',#2047);
#2047 = CARTESIAN_POINT('',(-46.55,55.2,-10.9));
#2048 = CIRCLE('',#2049,1.);
#2049 = AXIS2_PLACEMENT_3D('',#2050,#2051,#2052);
#2050 = CARTESIAN_POINT('',(-45.55,55.2,-10.9));
#2051 = DIRECTION('',(0.,-1.,2.22044604925E-16));
#2052 = DIRECTION('',(1.,0.,0.));
#2053 = ORIENTED_EDGE('',*,*,#2054,.T.);
#2054 = EDGE_CURVE('',#2044,#2055,#2057,.T.);
#2055 = VERTEX_POINT('',#2056);
#2056 = CARTESIAN_POINT('',(-34.55,55.2,-9.9));
#2057 = LINE('',#2058,#2059);
#2058 = CARTESIAN_POINT('',(-17.275,55.2,-9.9));
#2059 = VECTOR('',#2060,1.);
#2060 = DIRECTION('',(1.,0.,0.));
#2061 = ORIENTED_EDGE('',*,*,#2062,.F.);
#2062 = EDGE_CURVE('',#2063,#2055,#2065,.T.);
#2063 = VERTEX_POINT('',#2064);
#2064 = CARTESIAN_POINT('',(-33.55,55.2,-10.9));
#2065 = CIRCLE('',#2066,1.);
#2066 = AXIS2_PLACEMENT_3D('',#2067,#2068,#2069);
#2067 = CARTESIAN_POINT('',(-34.55,55.2,-10.9));
#2068 = DIRECTION('',(0.,-1.,2.22044604925E-16));
#2069 = DIRECTION('',(1.,0.,0.));
#2070 = ORIENTED_EDGE('',*,*,#2071,.T.);
#2071 = EDGE_CURVE('',#2063,#2072,#2074,.T.);
#2072 = VERTEX_POINT('',#2073);
#2073 = CARTESIAN_POINT('',(-33.55,55.2,-15.9));
#2074 = LINE('',#2075,#2076);
#2075 = CARTESIAN_POINT('',(-33.55,55.2,-15.075));
#2076 = VECTOR('',#2077,1.);
#2077 = DIRECTION('',(0.,0.,-1.));
#2078 = ORIENTED_EDGE('',*,*,#2079,.F.);
#2079 = EDGE_CURVE('',#2080,#2072,#2082,.T.);
#2080 = VERTEX_POINT('',#2081);
#2081 = CARTESIAN_POINT('',(-34.55,55.2,-16.9));
#2082 = CIRCLE('',#2083,1.);
#2083 = AXIS2_PLACEMENT_3D('',#2084,#2085,#2086);
#2084 = CARTESIAN_POINT('',(-34.55,55.2,-15.9));
#2085 = DIRECTION('',(0.,-1.,2.22044604925E-16));
#2086 = DIRECTION('',(1.,0.,0.));
#2087 = ORIENTED_EDGE('',*,*,#2088,.T.);
#2088 = EDGE_CURVE('',#2080,#2089,#2091,.T.);
#2089 = VERTEX_POINT('',#2090);
#2090 = CARTESIAN_POINT('',(-45.55,55.2,-16.9));
#2091 = LINE('',#2092,#2093);
#2092 = CARTESIAN_POINT('',(-22.775,55.2,-16.9));
#2093 = VECTOR('',#2094,1.);
#2094 = DIRECTION('',(-1.,0.,0.));
#2095 = ORIENTED_EDGE('',*,*,#2096,.F.);
#2096 = EDGE_CURVE('',#2097,#2089,#2099,.T.);
#2097 = VERTEX_POINT('',#2098);
#2098 = CARTESIAN_POINT('',(-46.55,55.2,-15.9));
#2099 = CIRCLE('',#2100,1.);
#2100 = AXIS2_PLACEMENT_3D('',#2101,#2102,#2103);
#2101 = CARTESIAN_POINT('',(-45.55,55.2,-15.9));
#2102 = DIRECTION('',(0.,-1.,2.22044604925E-16));
#2103 = DIRECTION('',(1.,0.,0.));
#2104 = ORIENTED_EDGE('',*,*,#2105,.T.);
#2105 = EDGE_CURVE('',#2097,#2046,#2106,.T.);
#2106 = LINE('',#2107,#2108);
#2107 = CARTESIAN_POINT('',(-46.55,55.2,-12.575));
#2108 = VECTOR('',#2109,1.);
#2109 = DIRECTION('',(0.,0.,1.));
#2110 = FACE_BOUND('',#2111,.T.);
#2111 = EDGE_LOOP('',(#2112,#2123,#2131,#2140,#2148,#2157,#2165,#2174));
#2112 = ORIENTED_EDGE('',*,*,#2113,.F.);
#2113 = EDGE_CURVE('',#2114,#2116,#2118,.T.);
#2114 = VERTEX_POINT('',#2115);
#2115 = CARTESIAN_POINT('',(47.72,55.2,-14.25));
#2116 = VERTEX_POINT('',#2117);
#2117 = CARTESIAN_POINT('',(46.72,55.2,-15.25));
#2118 = CIRCLE('',#2119,1.);
#2119 = AXIS2_PLACEMENT_3D('',#2120,#2121,#2122);
#2120 = CARTESIAN_POINT('',(47.72,55.2,-15.25));
#2121 = DIRECTION('',(0.,-1.,2.22044604925E-16));
#2122 = DIRECTION('',(1.,0.,0.));
#2123 = ORIENTED_EDGE('',*,*,#2124,.T.);
#2124 = EDGE_CURVE('',#2114,#2125,#2127,.T.);
#2125 = VERTEX_POINT('',#2126);
#2126 = CARTESIAN_POINT('',(50.72,55.2,-14.25));
#2127 = LINE('',#2128,#2129);
#2128 = CARTESIAN_POINT('',(25.36,55.2,-14.25));
#2129 = VECTOR('',#2130,1.);
#2130 = DIRECTION('',(1.,0.,0.));
#2131 = ORIENTED_EDGE('',*,*,#2132,.F.);
#2132 = EDGE_CURVE('',#2133,#2125,#2135,.T.);
#2133 = VERTEX_POINT('',#2134);
#2134 = CARTESIAN_POINT('',(51.72,55.2,-15.25));
#2135 = CIRCLE('',#2136,1.);
#2136 = AXIS2_PLACEMENT_3D('',#2137,#2138,#2139);
#2137 = CARTESIAN_POINT('',(50.72,55.2,-15.25));
#2138 = DIRECTION('',(0.,-1.,2.22044604925E-16));
#2139 = DIRECTION('',(1.,0.,0.));
#2140 = ORIENTED_EDGE('',*,*,#2141,.T.);
#2141 = EDGE_CURVE('',#2133,#2142,#2144,.T.);
#2142 = VERTEX_POINT('',#2143);
#2143 = CARTESIAN_POINT('',(51.72,55.2,-16.25));
#2144 = LINE('',#2145,#2146);
#2145 = CARTESIAN_POINT('',(51.72,55.2,-15.25));
#2146 = VECTOR('',#2147,1.);
#2147 = DIRECTION('',(0.,0.,-1.));
#2148 = ORIENTED_EDGE('',*,*,#2149,.F.);
#2149 = EDGE_CURVE('',#2150,#2142,#2152,.T.);
#2150 = VERTEX_POINT('',#2151);
#2151 = CARTESIAN_POINT('',(50.72,55.2,-17.25));
#2152 = CIRCLE('',#2153,1.);
#2153 = AXIS2_PLACEMENT_3D('',#2154,#2155,#2156);
#2154 = CARTESIAN_POINT('',(50.72,55.2,-16.25));
#2155 = DIRECTION('',(0.,-1.,2.22044604925E-16));
#2156 = DIRECTION('',(1.,0.,0.));
#2157 = ORIENTED_EDGE('',*,*,#2158,.T.);
#2158 = EDGE_CURVE('',#2150,#2159,#2161,.T.);
#2159 = VERTEX_POINT('',#2160);
#2160 = CARTESIAN_POINT('',(47.72,55.2,-17.25));
#2161 = LINE('',#2162,#2163);
#2162 = CARTESIAN_POINT('',(23.86,55.2,-17.25));
#2163 = VECTOR('',#2164,1.);
#2164 = DIRECTION('',(-1.,0.,0.));
#2165 = ORIENTED_EDGE('',*,*,#2166,.F.);
#2166 = EDGE_CURVE('',#2167,#2159,#2169,.T.);
#2167 = VERTEX_POINT('',#2168);
#2168 = CARTESIAN_POINT('',(46.72,55.2,-16.25));
#2169 = CIRCLE('',#2170,1.);
#2170 = AXIS2_PLACEMENT_3D('',#2171,#2172,#2173);
#2171 = CARTESIAN_POINT('',(47.72,55.2,-16.25));
#2172 = DIRECTION('',(0.,-1.,2.22044604925E-16));
#2173 = DIRECTION('',(1.,0.,0.));
#2174 = ORIENTED_EDGE('',*,*,#2175,.T.);
#2175 = EDGE_CURVE('',#2167,#2116,#2176,.T.);
#2176 = LINE('',#2177,#2178);
#2177 = CARTESIAN_POINT('',(46.72,55.2,-14.75));
#2178 = VECTOR('',#2179,1.);
#2179 = DIRECTION('',(0.,0.,1.));
#2180 = PLANE('',#2181);
#2181 = AXIS2_PLACEMENT_3D('',#2182,#2183,#2184);
#2182 = CARTESIAN_POINT('',(0.,55.2,-14.25));
#2183 = DIRECTION('',(-0.,-1.,0.));
#2184 = DIRECTION('',(-1.,0.,0.));
#2185 = ADVANCED_FACE('',(#2186),#2197,.T.);
#2186 = FACE_BOUND('',#2187,.F.);
#2187 = EDGE_LOOP('',(#2188,#2189,#2195,#2196));
#2188 = ORIENTED_EDGE('',*,*,#1984,.T.);
#2189 = ORIENTED_EDGE('',*,*,#2190,.T.);
#2190 = EDGE_CURVE('',#1977,#1951,#2191,.T.);
#2191 = LINE('',#2192,#2193);
#2192 = CARTESIAN_POINT('',(-68.,56.2,-1.));
#2193 = VECTOR('',#2194,1.);
#2194 = DIRECTION('',(1.,0.,0.));
#2195 = ORIENTED_EDGE('',*,*,#1950,.F.);
#2196 = ORIENTED_EDGE('',*,*,#1847,.F.);
#2197 = CYLINDRICAL_SURFACE('',#2198,2.);
#2198 = AXIS2_PLACEMENT_3D('',#2199,#2200,#2201);
#2199 = CARTESIAN_POINT('',(-68.,54.2,-1.));
#2200 = DIRECTION('',(1.,0.,0.));
#2201 = DIRECTION('',(0.,0.,1.));
#2202 = ADVANCED_FACE('',(#2203),#2221,.T.);
#2203 = FACE_BOUND('',#2204,.T.);
#2204 = EDGE_LOOP('',(#2205,#2206,#2214,#2220));
#2205 = ORIENTED_EDGE('',*,*,#2019,.F.);
#2206 = ORIENTED_EDGE('',*,*,#2207,.T.);
#2207 = EDGE_CURVE('',#2011,#2208,#2210,.T.);
#2208 = VERTEX_POINT('',#2209);
#2209 = CARTESIAN_POINT('',(68.,56.2,-26.5));
#2210 = LINE('',#2211,#2212);
#2211 = CARTESIAN_POINT('',(68.,55.2,-26.5));
#2212 = VECTOR('',#2213,1.);
#2213 = DIRECTION('',(4.66E-15,1.,0.));
#2214 = ORIENTED_EDGE('',*,*,#2215,.T.);
#2215 = EDGE_CURVE('',#2208,#1951,#2216,.T.);
#2216 = LINE('',#2217,#2218);
#2217 = CARTESIAN_POINT('',(68.,56.2,-27.5));
#2218 = VECTOR('',#2219,1.);
#2219 = DIRECTION('',(0.,0.,1.));
#2220 = ORIENTED_EDGE('',*,*,#1959,.T.);
#2221 = PLANE('',#2222);
#2222 = AXIS2_PLACEMENT_3D('',#2223,#2224,#2225);
#2223 = CARTESIAN_POINT('',(68.,55.2,-27.5));
#2224 = DIRECTION('',(1.,-4.66E-15,0.));
#2225 = DIRECTION('',(0.,0.,1.));
#2226 = ADVANCED_FACE('',(#2227),#2245,.T.);
#2227 = FACE_BOUND('',#2228,.T.);
#2228 = EDGE_LOOP('',(#2229,#2230,#2231,#2239));
#2229 = ORIENTED_EDGE('',*,*,#2026,.F.);
#2230 = ORIENTED_EDGE('',*,*,#1976,.T.);
#2231 = ORIENTED_EDGE('',*,*,#2232,.T.);
#2232 = EDGE_CURVE('',#1977,#2233,#2235,.T.);
#2233 = VERTEX_POINT('',#2234);
#2234 = CARTESIAN_POINT('',(-68.,56.2,-26.5));
#2235 = LINE('',#2236,#2237);
#2236 = CARTESIAN_POINT('',(-68.,56.2,-1.));
#2237 = VECTOR('',#2238,1.);
#2238 = DIRECTION('',(0.,0.,-1.));
#2239 = ORIENTED_EDGE('',*,*,#2240,.F.);
#2240 = EDGE_CURVE('',#2027,#2233,#2241,.T.);
#2241 = LINE('',#2242,#2243);
#2242 = CARTESIAN_POINT('',(-68.,55.2,-26.5));
#2243 = VECTOR('',#2244,1.);
#2244 = DIRECTION('',(4.66E-15,1.,0.));
#2245 = PLANE('',#2246);
#2246 = AXIS2_PLACEMENT_3D('',#2247,#2248,#2249);
#2247 = CARTESIAN_POINT('',(-68.,55.2,-1.));
#2248 = DIRECTION('',(-1.,4.66E-15,0.));
#2249 = DIRECTION('',(0.,0.,-1.));
#2250 = ADVANCED_FACE('',(#2251),#2276,.T.);
#2251 = FACE_BOUND('',#2252,.T.);
#2252 = EDGE_LOOP('',(#2253,#2254,#2262,#2270));
#2253 = ORIENTED_EDGE('',*,*,#2000,.F.);
#2254 = ORIENTED_EDGE('',*,*,#2255,.T.);
#2255 = EDGE_CURVE('',#2001,#2256,#2258,.T.);
#2256 = VERTEX_POINT('',#2257);
#2257 = CARTESIAN_POINT('',(-67.,56.2,-27.5));
#2258 = LINE('',#2259,#2260);
#2259 = CARTESIAN_POINT('',(-67.,55.2,-27.5));
#2260 = VECTOR('',#2261,1.);
#2261 = DIRECTION('',(4.66E-15,1.,0.));
#2262 = ORIENTED_EDGE('',*,*,#2263,.T.);
#2263 = EDGE_CURVE('',#2256,#2264,#2266,.T.);
#2264 = VERTEX_POINT('',#2265);
#2265 = CARTESIAN_POINT('',(67.,56.2,-27.5));
#2266 = LINE('',#2267,#2268);
#2267 = CARTESIAN_POINT('',(-68.,56.2,-27.5));
#2268 = VECTOR('',#2269,1.);
#2269 = DIRECTION('',(1.,0.,0.));
#2270 = ORIENTED_EDGE('',*,*,#2271,.F.);
#2271 = EDGE_CURVE('',#2003,#2264,#2272,.T.);
#2272 = LINE('',#2273,#2274);
#2273 = CARTESIAN_POINT('',(67.,55.2,-27.5));
#2274 = VECTOR('',#2275,1.);
#2275 = DIRECTION('',(4.66E-15,1.,0.));
#2276 = PLANE('',#2277);
#2277 = AXIS2_PLACEMENT_3D('',#2278,#2279,#2280);
#2278 = CARTESIAN_POINT('',(-68.,55.2,-27.5));
#2279 = DIRECTION('',(0.,0.,-1.));
#2280 = DIRECTION('',(1.,0.,0.));
#2281 = ADVANCED_FACE('',(#2282),#2294,.T.);
#2282 = FACE_BOUND('',#2283,.T.);
#2283 = EDGE_LOOP('',(#2284,#2285,#2286,#2293));
#2284 = ORIENTED_EDGE('',*,*,#2034,.T.);
#2285 = ORIENTED_EDGE('',*,*,#2240,.T.);
#2286 = ORIENTED_EDGE('',*,*,#2287,.F.);
#2287 = EDGE_CURVE('',#2256,#2233,#2288,.T.);
#2288 = CIRCLE('',#2289,1.);
#2289 = AXIS2_PLACEMENT_3D('',#2290,#2291,#2292);
#2290 = CARTESIAN_POINT('',(-67.,56.2,-26.5));
#2291 = DIRECTION('',(4.66E-15,1.,-0.));
#2292 = DIRECTION('',(-1.,4.66E-15,0.));
#2293 = ORIENTED_EDGE('',*,*,#2255,.F.);
#2294 = CYLINDRICAL_SURFACE('',#2295,1.);
#2295 = AXIS2_PLACEMENT_3D('',#2296,#2297,#2298);
#2296 = CARTESIAN_POINT('',(-67.,55.2,-26.5));
#2297 = DIRECTION('',(4.66E-15,1.,0.));
#2298 = DIRECTION('',(0.,0.,-1.));
#2299 = ADVANCED_FACE('',(#2300),#2312,.T.);
#2300 = FACE_BOUND('',#2301,.T.);
#2301 = EDGE_LOOP('',(#2302,#2303,#2304,#2311));
#2302 = ORIENTED_EDGE('',*,*,#2010,.T.);
#2303 = ORIENTED_EDGE('',*,*,#2271,.T.);
#2304 = ORIENTED_EDGE('',*,*,#2305,.F.);
#2305 = EDGE_CURVE('',#2208,#2264,#2306,.T.);
#2306 = CIRCLE('',#2307,1.);
#2307 = AXIS2_PLACEMENT_3D('',#2308,#2309,#2310);
#2308 = CARTESIAN_POINT('',(67.,56.2,-26.5));
#2309 = DIRECTION('',(4.66E-15,1.,-0.));
#2310 = DIRECTION('',(-1.,4.66E-15,0.));
#2311 = ORIENTED_EDGE('',*,*,#2207,.F.);
#2312 = CYLINDRICAL_SURFACE('',#2313,1.);
#2313 = AXIS2_PLACEMENT_3D('',#2314,#2315,#2316);
#2314 = CARTESIAN_POINT('',(67.,55.2,-26.5));
#2315 = DIRECTION('',(4.66E-15,1.,0.));
#2316 = DIRECTION('',(1.,-4.66E-15,0.));
#2317 = ADVANCED_FACE('',(#2318),#2342,.F.);
#2318 = FACE_BOUND('',#2319,.T.);
#2319 = EDGE_LOOP('',(#2320,#2321,#2328,#2337));
#2320 = ORIENTED_EDGE('',*,*,#2043,.T.);
#2321 = ORIENTED_EDGE('',*,*,#2322,.T.);
#2322 = EDGE_CURVE('',#2046,#2323,#2325,.T.);
#2323 = VERTEX_POINT('',#2324);
#2324 = CARTESIAN_POINT('',(-46.55,56.2,-10.9));
#2325 = B_SPLINE_CURVE_WITH_KNOTS('',1,(#2326,#2327),.UNSPECIFIED.,.F.,
  .F.,(2,2),(0.,1.),.PIECEWISE_BEZIER_KNOTS.);
#2326 = CARTESIAN_POINT('',(-46.55,55.2,-10.9));
#2327 = CARTESIAN_POINT('',(-46.55,56.2,-10.9));
#2328 = ORIENTED_EDGE('',*,*,#2329,.F.);
#2329 = EDGE_CURVE('',#2330,#2323,#2332,.T.);
#2330 = VERTEX_POINT('',#2331);
#2331 = CARTESIAN_POINT('',(-45.55,56.2,-9.9));
#2332 = CIRCLE('',#2333,1.);
#2333 = AXIS2_PLACEMENT_3D('',#2334,#2335,#2336);
#2334 = CARTESIAN_POINT('',(-45.55,56.2,-10.9));
#2335 = DIRECTION('',(0.,-1.,0.));
#2336 = DIRECTION('',(1.,0.,0.));
#2337 = ORIENTED_EDGE('',*,*,#2338,.F.);
#2338 = EDGE_CURVE('',#2044,#2330,#2339,.T.);
#2339 = B_SPLINE_CURVE_WITH_KNOTS('',1,(#2340,#2341),.UNSPECIFIED.,.F.,
  .F.,(2,2),(0.,1.),.PIECEWISE_BEZIER_KNOTS.);
#2340 = CARTESIAN_POINT('',(-45.55,55.2,-9.9));
#2341 = CARTESIAN_POINT('',(-45.55,56.2,-9.9));
#2342 = CYLINDRICAL_SURFACE('',#2343,1.);
#2343 = AXIS2_PLACEMENT_3D('',#2344,#2345,#2346);
#2344 = CARTESIAN_POINT('',(-45.55,55.2,-10.9));
#2345 = DIRECTION('',(0.,1.,-2.22044604925E-16));
#2346 = DIRECTION('',(1.,0.,0.));
#2347 = ADVANCED_FACE('',(#2348),#2365,.T.);
#2348 = FACE_BOUND('',#2349,.T.);
#2349 = EDGE_LOOP('',(#2350,#2351,#2358,#2364));
#2350 = ORIENTED_EDGE('',*,*,#2105,.F.);
#2351 = ORIENTED_EDGE('',*,*,#2352,.T.);
#2352 = EDGE_CURVE('',#2097,#2353,#2355,.T.);
#2353 = VERTEX_POINT('',#2354);
#2354 = CARTESIAN_POINT('',(-46.55,56.2,-15.9));
#2355 = B_SPLINE_CURVE_WITH_KNOTS('',1,(#2356,#2357),.UNSPECIFIED.,.F.,
  .F.,(2,2),(0.,1.),.PIECEWISE_BEZIER_KNOTS.);
#2356 = CARTESIAN_POINT('',(-46.55,55.2,-15.9));
#2357 = CARTESIAN_POINT('',(-46.55,56.2,-15.9));
#2358 = ORIENTED_EDGE('',*,*,#2359,.T.);
#2359 = EDGE_CURVE('',#2353,#2323,#2360,.T.);
#2360 = LINE('',#2361,#2362);
#2361 = CARTESIAN_POINT('',(-46.55,56.2,-12.575));
#2362 = VECTOR('',#2363,1.);
#2363 = DIRECTION('',(0.,0.,1.));
#2364 = ORIENTED_EDGE('',*,*,#2322,.F.);
#2365 = PLANE('',#2366);
#2366 = AXIS2_PLACEMENT_3D('',#2367,#2368,#2369);
#2367 = CARTESIAN_POINT('',(-46.55,56.2,-12.575));
#2368 = DIRECTION('',(1.,0.,0.));
#2369 = DIRECTION('',(0.,0.,-1.));
#2370 = ADVANCED_FACE('',(#2371),#2389,.F.);
#2371 = FACE_BOUND('',#2372,.T.);
#2372 = EDGE_LOOP('',(#2373,#2374,#2381,#2388));
#2373 = ORIENTED_EDGE('',*,*,#2096,.T.);
#2374 = ORIENTED_EDGE('',*,*,#2375,.T.);
#2375 = EDGE_CURVE('',#2089,#2376,#2378,.T.);
#2376 = VERTEX_POINT('',#2377);
#2377 = CARTESIAN_POINT('',(-45.55,56.2,-16.9));
#2378 = B_SPLINE_CURVE_WITH_KNOTS('',1,(#2379,#2380),.UNSPECIFIED.,.F.,
  .F.,(2,2),(0.,1.),.PIECEWISE_BEZIER_KNOTS.);
#2379 = CARTESIAN_POINT('',(-45.55,55.2,-16.9));
#2380 = CARTESIAN_POINT('',(-45.55,56.2,-16.9));
#2381 = ORIENTED_EDGE('',*,*,#2382,.F.);
#2382 = EDGE_CURVE('',#2353,#2376,#2383,.T.);
#2383 = CIRCLE('',#2384,1.);
#2384 = AXIS2_PLACEMENT_3D('',#2385,#2386,#2387);
#2385 = CARTESIAN_POINT('',(-45.55,56.2,-15.9));
#2386 = DIRECTION('',(0.,-1.,0.));
#2387 = DIRECTION('',(1.,0.,0.));
#2388 = ORIENTED_EDGE('',*,*,#2352,.F.);
#2389 = CYLINDRICAL_SURFACE('',#2390,1.);
#2390 = AXIS2_PLACEMENT_3D('',#2391,#2392,#2393);
#2391 = CARTESIAN_POINT('',(-45.55,55.2,-15.9));
#2392 = DIRECTION('',(0.,1.,-2.22044604925E-16));
#2393 = DIRECTION('',(1.,0.,0.));
#2394 = ADVANCED_FACE('',(#2395),#2412,.T.);
#2395 = FACE_BOUND('',#2396,.T.);
#2396 = EDGE_LOOP('',(#2397,#2398,#2405,#2411));
#2397 = ORIENTED_EDGE('',*,*,#2088,.F.);
#2398 = ORIENTED_EDGE('',*,*,#2399,.T.);
#2399 = EDGE_CURVE('',#2080,#2400,#2402,.T.);
#2400 = VERTEX_POINT('',#2401);
#2401 = CARTESIAN_POINT('',(-34.55,56.2,-16.9));
#2402 = B_SPLINE_CURVE_WITH_KNOTS('',1,(#2403,#2404),.UNSPECIFIED.,.F.,
  .F.,(2,2),(0.,1.),.PIECEWISE_BEZIER_KNOTS.);
#2403 = CARTESIAN_POINT('',(-34.55,55.2,-16.9));
#2404 = CARTESIAN_POINT('',(-34.55,56.2,-16.9));
#2405 = ORIENTED_EDGE('',*,*,#2406,.T.);
#2406 = EDGE_CURVE('',#2400,#2376,#2407,.T.);
#2407 = LINE('',#2408,#2409);
#2408 = CARTESIAN_POINT('',(-22.775,56.2,-16.9));
#2409 = VECTOR('',#2410,1.);
#2410 = DIRECTION('',(-1.,0.,0.));
#2411 = ORIENTED_EDGE('',*,*,#2375,.F.);
#2412 = PLANE('',#2413);
#2413 = AXIS2_PLACEMENT_3D('',#2414,#2415,#2416);
#2414 = CARTESIAN_POINT('',(-22.775,56.2,-16.9));
#2415 = DIRECTION('',(0.,-7.105427357601E-15,1.));
#2416 = DIRECTION('',(1.,0.,0.));
#2417 = ADVANCED_FACE('',(#2418),#2436,.F.);
#2418 = FACE_BOUND('',#2419,.T.);
#2419 = EDGE_LOOP('',(#2420,#2421,#2428,#2435));
#2420 = ORIENTED_EDGE('',*,*,#2079,.T.);
#2421 = ORIENTED_EDGE('',*,*,#2422,.T.);
#2422 = EDGE_CURVE('',#2072,#2423,#2425,.T.);
#2423 = VERTEX_POINT('',#2424);
#2424 = CARTESIAN_POINT('',(-33.55,56.2,-15.9));
#2425 = B_SPLINE_CURVE_WITH_KNOTS('',1,(#2426,#2427),.UNSPECIFIED.,.F.,
  .F.,(2,2),(0.,1.),.PIECEWISE_BEZIER_KNOTS.);
#2426 = CARTESIAN_POINT('',(-33.55,55.2,-15.9));
#2427 = CARTESIAN_POINT('',(-33.55,56.2,-15.9));
#2428 = ORIENTED_EDGE('',*,*,#2429,.F.);
#2429 = EDGE_CURVE('',#2400,#2423,#2430,.T.);
#2430 = CIRCLE('',#2431,1.);
#2431 = AXIS2_PLACEMENT_3D('',#2432,#2433,#2434);
#2432 = CARTESIAN_POINT('',(-34.55,56.2,-15.9));
#2433 = DIRECTION('',(0.,-1.,0.));
#2434 = DIRECTION('',(1.,0.,0.));
#2435 = ORIENTED_EDGE('',*,*,#2399,.F.);
#2436 = CYLINDRICAL_SURFACE('',#2437,1.);
#2437 = AXIS2_PLACEMENT_3D('',#2438,#2439,#2440);
#2438 = CARTESIAN_POINT('',(-34.55,55.2,-15.9));
#2439 = DIRECTION('',(0.,1.,-2.22044604925E-16));
#2440 = DIRECTION('',(1.,0.,0.));
#2441 = ADVANCED_FACE('',(#2442),#2459,.T.);
#2442 = FACE_BOUND('',#2443,.T.);
#2443 = EDGE_LOOP('',(#2444,#2445,#2452,#2458));
#2444 = ORIENTED_EDGE('',*,*,#2071,.F.);
#2445 = ORIENTED_EDGE('',*,*,#2446,.T.);
#2446 = EDGE_CURVE('',#2063,#2447,#2449,.T.);
#2447 = VERTEX_POINT('',#2448);
#2448 = CARTESIAN_POINT('',(-33.55,56.2,-10.9));
#2449 = B_SPLINE_CURVE_WITH_KNOTS('',1,(#2450,#2451),.UNSPECIFIED.,.F.,
  .F.,(2,2),(0.,1.),.PIECEWISE_BEZIER_KNOTS.);
#2450 = CARTESIAN_POINT('',(-33.55,55.2,-10.9));
#2451 = CARTESIAN_POINT('',(-33.55,56.2,-10.9));
#2452 = ORIENTED_EDGE('',*,*,#2453,.T.);
#2453 = EDGE_CURVE('',#2447,#2423,#2454,.T.);
#2454 = LINE('',#2455,#2456);
#2455 = CARTESIAN_POINT('',(-33.55,56.2,-15.075));
#2456 = VECTOR('',#2457,1.);
#2457 = DIRECTION('',(0.,0.,-1.));
#2458 = ORIENTED_EDGE('',*,*,#2422,.F.);
#2459 = PLANE('',#2460);
#2460 = AXIS2_PLACEMENT_3D('',#2461,#2462,#2463);
#2461 = CARTESIAN_POINT('',(-33.55,56.2,-15.075));
#2462 = DIRECTION('',(-1.,0.,0.));
#2463 = DIRECTION('',(0.,0.,1.));
#2464 = ADVANCED_FACE('',(#2465),#2483,.F.);
#2465 = FACE_BOUND('',#2466,.T.);
#2466 = EDGE_LOOP('',(#2467,#2468,#2475,#2482));
#2467 = ORIENTED_EDGE('',*,*,#2062,.T.);
#2468 = ORIENTED_EDGE('',*,*,#2469,.T.);
#2469 = EDGE_CURVE('',#2055,#2470,#2472,.T.);
#2470 = VERTEX_POINT('',#2471);
#2471 = CARTESIAN_POINT('',(-34.55,56.2,-9.9));
#2472 = B_SPLINE_CURVE_WITH_KNOTS('',1,(#2473,#2474),.UNSPECIFIED.,.F.,
  .F.,(2,2),(0.,1.),.PIECEWISE_BEZIER_KNOTS.);
#2473 = CARTESIAN_POINT('',(-34.55,55.2,-9.9));
#2474 = CARTESIAN_POINT('',(-34.55,56.2,-9.9));
#2475 = ORIENTED_EDGE('',*,*,#2476,.F.);
#2476 = EDGE_CURVE('',#2447,#2470,#2477,.T.);
#2477 = CIRCLE('',#2478,1.);
#2478 = AXIS2_PLACEMENT_3D('',#2479,#2480,#2481);
#2479 = CARTESIAN_POINT('',(-34.55,56.2,-10.9));
#2480 = DIRECTION('',(0.,-1.,0.));
#2481 = DIRECTION('',(1.,0.,0.));
#2482 = ORIENTED_EDGE('',*,*,#2446,.F.);
#2483 = CYLINDRICAL_SURFACE('',#2484,1.);
#2484 = AXIS2_PLACEMENT_3D('',#2485,#2486,#2487);
#2485 = CARTESIAN_POINT('',(-34.55,55.2,-10.9));
#2486 = DIRECTION('',(0.,1.,-2.22044604925E-16));
#2487 = DIRECTION('',(1.,0.,0.));
#2488 = ADVANCED_FACE('',(#2489),#2500,.T.);
#2489 = FACE_BOUND('',#2490,.T.);
#2490 = EDGE_LOOP('',(#2491,#2492,#2493,#2499));
#2491 = ORIENTED_EDGE('',*,*,#2054,.F.);
#2492 = ORIENTED_EDGE('',*,*,#2338,.T.);
#2493 = ORIENTED_EDGE('',*,*,#2494,.T.);
#2494 = EDGE_CURVE('',#2330,#2470,#2495,.T.);
#2495 = LINE('',#2496,#2497);
#2496 = CARTESIAN_POINT('',(-17.275,56.2,-9.9));
#2497 = VECTOR('',#2498,1.);
#2498 = DIRECTION('',(1.,0.,0.));
#2499 = ORIENTED_EDGE('',*,*,#2469,.F.);
#2500 = PLANE('',#2501);
#2501 = AXIS2_PLACEMENT_3D('',#2502,#2503,#2504);
#2502 = CARTESIAN_POINT('',(-17.275,56.2,-9.9));
#2503 = DIRECTION('',(0.,1.7763568394E-15,-1.));
#2504 = DIRECTION('',(-1.,0.,0.));
#2505 = ADVANCED_FACE('',(#2506),#2530,.F.);
#2506 = FACE_BOUND('',#2507,.T.);
#2507 = EDGE_LOOP('',(#2508,#2509,#2516,#2525));
#2508 = ORIENTED_EDGE('',*,*,#2113,.T.);
#2509 = ORIENTED_EDGE('',*,*,#2510,.T.);
#2510 = EDGE_CURVE('',#2116,#2511,#2513,.T.);
#2511 = VERTEX_POINT('',#2512);
#2512 = CARTESIAN_POINT('',(46.72,56.2,-15.25));
#2513 = B_SPLINE_CURVE_WITH_KNOTS('',1,(#2514,#2515),.UNSPECIFIED.,.F.,
  .F.,(2,2),(0.,1.),.PIECEWISE_BEZIER_KNOTS.);
#2514 = CARTESIAN_POINT('',(46.72,55.2,-15.25));
#2515 = CARTESIAN_POINT('',(46.72,56.2,-15.25));
#2516 = ORIENTED_EDGE('',*,*,#2517,.F.);
#2517 = EDGE_CURVE('',#2518,#2511,#2520,.T.);
#2518 = VERTEX_POINT('',#2519);
#2519 = CARTESIAN_POINT('',(47.72,56.2,-14.25));
#2520 = CIRCLE('',#2521,1.);
#2521 = AXIS2_PLACEMENT_3D('',#2522,#2523,#2524);
#2522 = CARTESIAN_POINT('',(47.72,56.2,-15.25));
#2523 = DIRECTION('',(0.,-1.,0.));
#2524 = DIRECTION('',(1.,0.,0.));
#2525 = ORIENTED_EDGE('',*,*,#2526,.F.);
#2526 = EDGE_CURVE('',#2114,#2518,#2527,.T.);
#2527 = B_SPLINE_CURVE_WITH_KNOTS('',1,(#2528,#2529),.UNSPECIFIED.,.F.,
  .F.,(2,2),(0.,1.),.PIECEWISE_BEZIER_KNOTS.);
#2528 = CARTESIAN_POINT('',(47.72,55.2,-14.25));
#2529 = CARTESIAN_POINT('',(47.72,56.2,-14.25));
#2530 = CYLINDRICAL_SURFACE('',#2531,1.);
#2531 = AXIS2_PLACEMENT_3D('',#2532,#2533,#2534);
#2532 = CARTESIAN_POINT('',(47.72,55.2,-15.25));
#2533 = DIRECTION('',(0.,1.,-2.22044604925E-16));
#2534 = DIRECTION('',(1.,0.,0.));
#2535 = ADVANCED_FACE('',(#2536),#2553,.T.);
#2536 = FACE_BOUND('',#2537,.T.);
#2537 = EDGE_LOOP('',(#2538,#2539,#2546,#2552));
#2538 = ORIENTED_EDGE('',*,*,#2175,.F.);
#2539 = ORIENTED_EDGE('',*,*,#2540,.T.);
#2540 = EDGE_CURVE('',#2167,#2541,#2543,.T.);
#2541 = VERTEX_POINT('',#2542);
#2542 = CARTESIAN_POINT('',(46.72,56.2,-16.25));
#2543 = B_SPLINE_CURVE_WITH_KNOTS('',1,(#2544,#2545),.UNSPECIFIED.,.F.,
  .F.,(2,2),(0.,1.),.PIECEWISE_BEZIER_KNOTS.);
#2544 = CARTESIAN_POINT('',(46.72,55.2,-16.25));
#2545 = CARTESIAN_POINT('',(46.72,56.2,-16.25));
#2546 = ORIENTED_EDGE('',*,*,#2547,.T.);
#2547 = EDGE_CURVE('',#2541,#2511,#2548,.T.);
#2548 = LINE('',#2549,#2550);
#2549 = CARTESIAN_POINT('',(46.72,56.2,-14.75));
#2550 = VECTOR('',#2551,1.);
#2551 = DIRECTION('',(0.,0.,1.));
#2552 = ORIENTED_EDGE('',*,*,#2510,.F.);
#2553 = PLANE('',#2554);
#2554 = AXIS2_PLACEMENT_3D('',#2555,#2556,#2557);
#2555 = CARTESIAN_POINT('',(46.72,56.2,-14.75));
#2556 = DIRECTION('',(1.,0.,0.));
#2557 = DIRECTION('',(0.,0.,-1.));
#2558 = ADVANCED_FACE('',(#2559),#2577,.F.);
#2559 = FACE_BOUND('',#2560,.T.);
#2560 = EDGE_LOOP('',(#2561,#2562,#2569,#2576));
#2561 = ORIENTED_EDGE('',*,*,#2166,.T.);
#2562 = ORIENTED_EDGE('',*,*,#2563,.T.);
#2563 = EDGE_CURVE('',#2159,#2564,#2566,.T.);
#2564 = VERTEX_POINT('',#2565);
#2565 = CARTESIAN_POINT('',(47.72,56.2,-17.25));
#2566 = B_SPLINE_CURVE_WITH_KNOTS('',1,(#2567,#2568),.UNSPECIFIED.,.F.,
  .F.,(2,2),(0.,1.),.PIECEWISE_BEZIER_KNOTS.);
#2567 = CARTESIAN_POINT('',(47.72,55.2,-17.25));
#2568 = CARTESIAN_POINT('',(47.72,56.2,-17.25));
#2569 = ORIENTED_EDGE('',*,*,#2570,.F.);
#2570 = EDGE_CURVE('',#2541,#2564,#2571,.T.);
#2571 = CIRCLE('',#2572,1.);
#2572 = AXIS2_PLACEMENT_3D('',#2573,#2574,#2575);
#2573 = CARTESIAN_POINT('',(47.72,56.2,-16.25));
#2574 = DIRECTION('',(0.,-1.,0.));
#2575 = DIRECTION('',(1.,0.,0.));
#2576 = ORIENTED_EDGE('',*,*,#2540,.F.);
#2577 = CYLINDRICAL_SURFACE('',#2578,1.);
#2578 = AXIS2_PLACEMENT_3D('',#2579,#2580,#2581);
#2579 = CARTESIAN_POINT('',(47.72,55.2,-16.25));
#2580 = DIRECTION('',(0.,1.,-2.22044604925E-16));
#2581 = DIRECTION('',(1.,0.,0.));
#2582 = ADVANCED_FACE('',(#2583),#2600,.T.);
#2583 = FACE_BOUND('',#2584,.T.);
#2584 = EDGE_LOOP('',(#2585,#2586,#2593,#2599));
#2585 = ORIENTED_EDGE('',*,*,#2158,.F.);
#2586 = ORIENTED_EDGE('',*,*,#2587,.T.);
#2587 = EDGE_CURVE('',#2150,#2588,#2590,.T.);
#2588 = VERTEX_POINT('',#2589);
#2589 = CARTESIAN_POINT('',(50.72,56.2,-17.25));
#2590 = B_SPLINE_CURVE_WITH_KNOTS('',1,(#2591,#2592),.UNSPECIFIED.,.F.,
  .F.,(2,2),(0.,1.),.PIECEWISE_BEZIER_KNOTS.);
#2591 = CARTESIAN_POINT('',(50.72,55.2,-17.25));
#2592 = CARTESIAN_POINT('',(50.72,56.2,-17.25));
#2593 = ORIENTED_EDGE('',*,*,#2594,.T.);
#2594 = EDGE_CURVE('',#2588,#2564,#2595,.T.);
#2595 = LINE('',#2596,#2597);
#2596 = CARTESIAN_POINT('',(23.86,56.2,-17.25));
#2597 = VECTOR('',#2598,1.);
#2598 = DIRECTION('',(-1.,0.,0.));
#2599 = ORIENTED_EDGE('',*,*,#2563,.F.);
#2600 = PLANE('',#2601);
#2601 = AXIS2_PLACEMENT_3D('',#2602,#2603,#2604);
#2602 = CARTESIAN_POINT('',(23.86,56.2,-17.25));
#2603 = DIRECTION('',(0.,0.,1.));
#2604 = DIRECTION('',(1.,0.,0.));
#2605 = ADVANCED_FACE('',(#2606),#2624,.F.);
#2606 = FACE_BOUND('',#2607,.T.);
#2607 = EDGE_LOOP('',(#2608,#2609,#2616,#2623));
#2608 = ORIENTED_EDGE('',*,*,#2149,.T.);
#2609 = ORIENTED_EDGE('',*,*,#2610,.T.);
#2610 = EDGE_CURVE('',#2142,#2611,#2613,.T.);
#2611 = VERTEX_POINT('',#2612);
#2612 = CARTESIAN_POINT('',(51.72,56.2,-16.25));
#2613 = B_SPLINE_CURVE_WITH_KNOTS('',1,(#2614,#2615),.UNSPECIFIED.,.F.,
  .F.,(2,2),(0.,1.),.PIECEWISE_BEZIER_KNOTS.);
#2614 = CARTESIAN_POINT('',(51.72,55.2,-16.25));
#2615 = CARTESIAN_POINT('',(51.72,56.2,-16.25));
#2616 = ORIENTED_EDGE('',*,*,#2617,.F.);
#2617 = EDGE_CURVE('',#2588,#2611,#2618,.T.);
#2618 = CIRCLE('',#2619,1.);
#2619 = AXIS2_PLACEMENT_3D('',#2620,#2621,#2622);
#2620 = CARTESIAN_POINT('',(50.72,56.2,-16.25));
#2621 = DIRECTION('',(0.,-1.,0.));
#2622 = DIRECTION('',(1.,0.,0.));
#2623 = ORIENTED_EDGE('',*,*,#2587,.F.);
#2624 = CYLINDRICAL_SURFACE('',#2625,1.);
#2625 = AXIS2_PLACEMENT_3D('',#2626,#2627,#2628);
#2626 = CARTESIAN_POINT('',(50.72,55.2,-16.25));
#2627 = DIRECTION('',(0.,1.,-2.22044604925E-16));
#2628 = DIRECTION('',(1.,0.,0.));
#2629 = ADVANCED_FACE('',(#2630),#2647,.T.);
#2630 = FACE_BOUND('',#2631,.T.);
#2631 = EDGE_LOOP('',(#2632,#2633,#2640,#2646));
#2632 = ORIENTED_EDGE('',*,*,#2141,.F.);
#2633 = ORIENTED_EDGE('',*,*,#2634,.T.);
#2634 = EDGE_CURVE('',#2133,#2635,#2637,.T.);
#2635 = VERTEX_POINT('',#2636);
#2636 = CARTESIAN_POINT('',(51.72,56.2,-15.25));
#2637 = B_SPLINE_CURVE_WITH_KNOTS('',1,(#2638,#2639),.UNSPECIFIED.,.F.,
  .F.,(2,2),(0.,1.),.PIECEWISE_BEZIER_KNOTS.);
#2638 = CARTESIAN_POINT('',(51.72,55.2,-15.25));
#2639 = CARTESIAN_POINT('',(51.72,56.2,-15.25));
#2640 = ORIENTED_EDGE('',*,*,#2641,.T.);
#2641 = EDGE_CURVE('',#2635,#2611,#2642,.T.);
#2642 = LINE('',#2643,#2644);
#2643 = CARTESIAN_POINT('',(51.72,56.2,-15.25));
#2644 = VECTOR('',#2645,1.);
#2645 = DIRECTION('',(0.,0.,-1.));
#2646 = ORIENTED_EDGE('',*,*,#2610,.F.);
#2647 = PLANE('',#2648);
#2648 = AXIS2_PLACEMENT_3D('',#2649,#2650,#2651);
#2649 = CARTESIAN_POINT('',(51.72,56.2,-15.25));
#2650 = DIRECTION('',(-1.,0.,0.));
#2651 = DIRECTION('',(0.,0.,1.));
#2652 = ADVANCED_FACE('',(#2653),#2671,.F.);
#2653 = FACE_BOUND('',#2654,.T.);
#2654 = EDGE_LOOP('',(#2655,#2656,#2663,#2670));
#2655 = ORIENTED_EDGE('',*,*,#2132,.T.);
#2656 = ORIENTED_EDGE('',*,*,#2657,.T.);
#2657 = EDGE_CURVE('',#2125,#2658,#2660,.T.);
#2658 = VERTEX_POINT('',#2659);
#2659 = CARTESIAN_POINT('',(50.72,56.2,-14.25));
#2660 = B_SPLINE_CURVE_WITH_KNOTS('',1,(#2661,#2662),.UNSPECIFIED.,.F.,
  .F.,(2,2),(0.,1.),.PIECEWISE_BEZIER_KNOTS.);
#2661 = CARTESIAN_POINT('',(50.72,55.2,-14.25));
#2662 = CARTESIAN_POINT('',(50.72,56.2,-14.25));
#2663 = ORIENTED_EDGE('',*,*,#2664,.F.);
#2664 = EDGE_CURVE('',#2635,#2658,#2665,.T.);
#2665 = CIRCLE('',#2666,1.);
#2666 = AXIS2_PLACEMENT_3D('',#2667,#2668,#2669);
#2667 = CARTESIAN_POINT('',(50.72,56.2,-15.25));
#2668 = DIRECTION('',(0.,-1.,0.));
#2669 = DIRECTION('',(1.,0.,0.));
#2670 = ORIENTED_EDGE('',*,*,#2634,.F.);
#2671 = CYLINDRICAL_SURFACE('',#2672,1.);
#2672 = AXIS2_PLACEMENT_3D('',#2673,#2674,#2675);
#2673 = CARTESIAN_POINT('',(50.72,55.2,-15.25));
#2674 = DIRECTION('',(0.,1.,-2.22044604925E-16));
#2675 = DIRECTION('',(1.,0.,0.));
#2676 = ADVANCED_FACE('',(#2677),#2688,.T.);
#2677 = FACE_BOUND('',#2678,.T.);
#2678 = EDGE_LOOP('',(#2679,#2680,#2681,#2687));
#2679 = ORIENTED_EDGE('',*,*,#2124,.F.);
#2680 = ORIENTED_EDGE('',*,*,#2526,.T.);
#2681 = ORIENTED_EDGE('',*,*,#2682,.T.);
#2682 = EDGE_CURVE('',#2518,#2658,#2683,.T.);
#2683 = LINE('',#2684,#2685);
#2684 = CARTESIAN_POINT('',(25.36,56.2,-14.25));
#2685 = VECTOR('',#2686,1.);
#2686 = DIRECTION('',(1.,0.,0.));
#2687 = ORIENTED_EDGE('',*,*,#2657,.F.);
#2688 = PLANE('',#2689);
#2689 = AXIS2_PLACEMENT_3D('',#2690,#2691,#2692);
#2690 = CARTESIAN_POINT('',(25.36,56.2,-14.25));
#2691 = DIRECTION('',(0.,5.329070518201E-15,-1.));
#2692 = DIRECTION('',(-1.,0.,0.));
#2693 = ADVANCED_FACE('',(#2694,#2702,#2712),#2722,.F.);
#2694 = FACE_BOUND('',#2695,.F.);
#2695 = EDGE_LOOP('',(#2696,#2697,#2698,#2699,#2700,#2701));
#2696 = ORIENTED_EDGE('',*,*,#2263,.T.);
#2697 = ORIENTED_EDGE('',*,*,#2305,.F.);
#2698 = ORIENTED_EDGE('',*,*,#2215,.T.);
#2699 = ORIENTED_EDGE('',*,*,#2190,.F.);
#2700 = ORIENTED_EDGE('',*,*,#2232,.T.);
#2701 = ORIENTED_EDGE('',*,*,#2287,.F.);
#2702 = FACE_BOUND('',#2703,.F.);
#2703 = EDGE_LOOP('',(#2704,#2705,#2706,#2707,#2708,#2709,#2710,#2711));
#2704 = ORIENTED_EDGE('',*,*,#2329,.F.);
#2705 = ORIENTED_EDGE('',*,*,#2494,.T.);
#2706 = ORIENTED_EDGE('',*,*,#2476,.F.);
#2707 = ORIENTED_EDGE('',*,*,#2453,.T.);
#2708 = ORIENTED_EDGE('',*,*,#2429,.F.);
#2709 = ORIENTED_EDGE('',*,*,#2406,.T.);
#2710 = ORIENTED_EDGE('',*,*,#2382,.F.);
#2711 = ORIENTED_EDGE('',*,*,#2359,.T.);
#2712 = FACE_BOUND('',#2713,.F.);
#2713 = EDGE_LOOP('',(#2714,#2715,#2716,#2717,#2718,#2719,#2720,#2721));
#2714 = ORIENTED_EDGE('',*,*,#2517,.F.);
#2715 = ORIENTED_EDGE('',*,*,#2682,.T.);
#2716 = ORIENTED_EDGE('',*,*,#2664,.F.);
#2717 = ORIENTED_EDGE('',*,*,#2641,.T.);
#2718 = ORIENTED_EDGE('',*,*,#2617,.F.);
#2719 = ORIENTED_EDGE('',*,*,#2594,.T.);
#2720 = ORIENTED_EDGE('',*,*,#2570,.F.);
#2721 = ORIENTED_EDGE('',*,*,#2547,.T.);
#2722 = PLANE('',#2723);
#2723 = AXIS2_PLACEMENT_3D('',#2724,#2725,#2726);
#2724 = CARTESIAN_POINT('',(5.E-15,56.2,-14.25));
#2725 = DIRECTION('',(-0.,-1.,0.));
#2726 = DIRECTION('',(-1.,0.,0.));
#2727 = ( GEOMETRIC_REPRESENTATION_CONTEXT(3) 
GLOBAL_UNCERTAINTY_ASSIGNED_CONTEXT((#2731)) 
GLOBAL_UNIT_ASSIGNED_CONTEXT((#2728,#2729,#2730)) REPRESENTATION_CONTEXT
('Context #1','3D Context with UNIT and UNCERTAINTY') );
#2728 = ( LENGTH_UNIT() NAMED_UNIT(*) SI_UNIT(.MILLI.,.METRE.) );
#2729 = ( NAMED_UNIT(*) PLANE_ANGLE_UNIT() SI_UNIT($,.RADIAN.) );
#2730 = ( NAMED_UNIT(*) SI_UNIT($,.STERADIAN.) SOLID_ANGLE_UNIT() );
#2731 = UNCERTAINTY_MEASURE_WITH_UNIT(LENGTH_MEASURE(1.E-07),#2728,
  'distance_accuracy_value','confusion accuracy');
#2732 = PRODUCT_RELATED_PRODUCT_CATEGORY('part',$,(#7));
#2733 = MECHANICAL_DESIGN_GEOMETRIC_PRESENTATION_REPRESENTATION('',(
    #2734),#2727);
#2734 = STYLED_ITEM('color',(#2735),#15);
#2735 = PRESENTATION_STYLE_ASSIGNMENT((#2736,#2742));
#2736 = SURFACE_STYLE_USAGE(.BOTH.,#2737);
#2737 = SURFACE_SIDE_STYLE('',(#2738));
#2738 = SURFACE_STYLE_FILL_AREA(#2739);
#2739 = FILL_AREA_STYLE('',(#2740));
#2740 = FILL_AREA_STYLE_COLOUR('',#2741);
#2741 = COLOUR_RGB('',0.333333345507,1.,1.);
#2742 = CURVE_STYLE('',#2743,POSITIVE_LENGTH_MEASURE(0.1),#2744);
#2743 = DRAUGHTING_PRE_DEFINED_CURVE_FONT('continuous');
#2744 = COLOUR_RGB('',9.803921802644E-02,9.803921802644E-02,
  9.803921802644E-02);
ENDSEC;
END-ISO-10303-21;
